Preço,Máximo,Mínimo,Abertura,Volume,Fechamento,Venda,Compra,Variação,Variação,Data
51.000,51.200,50.250,50.310,11914300.000,49.500,50.950,51.000,1.500,3.03,28/12/2018 
49.500,50.390,49.280,50.100,14332000.000,50.440,49.500,49.510,-0.940,-1.86,27/12/2018 
50.440,50.700,49.400,50.110,13356400.000,50.860,50.440,50.450,-0.420,-0.83,26/12/2018 
50.860,51.250,50.220,50.280,28272600.000,49.810,50.850,50.860,1.050,2.11,21/12/2018 
49.810,51.170,49.450,50.740,25323700.000,50.010,49.810,49.850,-0.200,-0.40,20/12/2018 
50.010,52.400,50.010,51.800,24414200.000,51.440,50.000,50.400,-1.430,-2.78,19/12/2018 
51.870,52.190,51.350,51.350,16550600.000,51.250,51.860,51.870,0.620,1.21,18/12/2018 
51.170,52.270,51.030,51.900,19707200.000,50.880,51.190,51.200,0.290,0.57,17/12/2018 
50.880,51.190,49.850,50.380,16910700.000,50.600,50.850,50.880,0.280,0.55,14/12/2018 
50.600,51.280,50.250,50.850,13687100.000,50.370,50.580,50.600,0.230,0.46,13/12/2018 
50.370,51.400,50.350,51.150,15808900.000,50.600,50.370,50.450,-0.230,-0.45,12/12/2018 
50.600,51.740,50.250,51.150,19443900.000,50.200,50.580,50.600,0.400,0.80,11/12/2018 
50.200,51.640,50.190,51.120,14331300.000,51.290,50.200,50.230,-1.090,-2.13,10/12/2018 
51.290,53.260,51.090,52.480,19472100.000,52.300,51.290,51.300,-1.010,-1.93,07/12/2018 
52.300,52.600,51.070,51.700,21376400.000,52.800,52.270,52.300,-0.500,-0.95,06/12/2018 
52.800,53.480,52.430,53.300,9656100.000,52.880,52.780,52.800,-0.080,-0.15,05/12/2018 
52.880,54.520,52.500,54.350,26844200.000,54.110,52.880,52.900,-1.230,-2.27,04/12/2018 
54.110,55.680,53.740,55.600,32418200.000,52.800,54.100,54.110,1.310,2.48,03/12/2018 
52.800,53.690,51.560,51.560,29502000.000,52.000,52.800,52.870,0.800,1.54,30/11/2018 
52.000,52.730,51.130,51.920,23362000.000,52.300,52.000,52.050,-0.300,-0.57,29/11/2018 
52.300,52.320,50.220,50.500,29038300.000,49.920,52.270,52.300,2.380,4.77,28/11/2018 
49.920,50.490,49.100,49.690,25582700.000,50.120,49.920,49.970,-0.200,-0.40,27/11/2018 
50.120,51.090,49.000,49.950,30327300.000,50.350,50.010,50.120,-0.230,-0.46,26/11/2018 
50.350,53.390,50.350,53.390,33531500.000,54.040,50.350,50.380,-3.690,-6.83,23/11/2018 
54.040,54.720,53.750,54.690,9255400.000,54.530,54.030,54.040,-0.490,-0.90,22/11/2018 
54.530,54.550,53.710,54.150,18590600.000,55.370,54.530,54.540,-0.840,-1.52,21/11/2018 
55.370,56.280,54.810,56.150,12979700.000,56.150,55.350,55.400,-0.780,-1.39,19/11/2018 
56.150,56.350,55.150,55.850,19633700.000,55.160,56.150,56.160,0.990,1.79,16/11/2018 
55.160,55.670,54.250,55.210,28360900.000,56.270,55.010,55.170,-1.110,-1.97,14/11/2018 
56.270,56.270,54.350,54.900,18790200.000,54.850,56.230,56.280,1.420,2.59,13/11/2018 
54.850,55.450,54.400,55.100,15985200.000,54.650,54.850,54.890,0.200,0.37,12/11/2018 
54.650,57.000,54.130,56.500,29209700.000,57.020,54.640,54.650,-2.370,-4.16,09/11/2018 
57.020,58.770,57.020,57.780,16743700.000,57.590,57.020,57.150,-0.570,-0.99,08/11/2018 
57.590,58.150,57.400,57.700,12982500.000,57.230,57.510,57.600,0.360,0.63,07/11/2018 
57.230,57.850,56.560,57.000,11211000.000,57.530,57.230,57.240,-0.300,-0.52,06/11/2018 
57.530,58.000,57.040,57.610,15491800.000,57.500,57.510,57.550,0.030,0.05,05/11/2018 
57.500,58.260,55.520,56.750,20324500.000,56.710,57.500,57.500,0.790,1.39,01/11/2018 
56.710,56.710,54.270,54.350,26504500.000,53.870,56.610,56.710,2.840,5.27,31/10/2018 
53.870,54.850,52.960,53.600,23719300.000,53.100,53.870,53.900,0.770,1.45,30/10/2018 
53.100,56.500,52.600,56.500,26110400.000,55.600,53.100,53.130,-2.500,-4.50,29/10/2018 
55.600,55.890,53.510,54.900,26532900.000,54.610,55.600,55.610,0.990,1.81,26/10/2018 
54.610,56.040,53.800,55.970,29348100.000,54.430,54.610,54.650,0.180,0.33,25/10/2018 
54.430,57.590,54.430,57.400,17701500.000,56.750,54.430,54.450,-2.320,-4.09,24/10/2018 
56.750,57.550,56.000,57.310,20709400.000,58.370,56.750,56.820,-1.620,-2.78,23/10/2018 
58.370,58.420,57.030,57.700,14003900.000,56.530,58.370,58.400,1.840,3.25,22/10/2018 
56.530,57.530,56.360,57.100,13373200.000,56.500,56.530,56.610,0.030,0.05,19/10/2018 
56.500,58.850,56.320,58.850,16973500.000,58.800,56.500,56.510,-2.300,-3.91,18/10/2018 
58.800,58.920,57.750,58.340,21782400.000,57.700,58.730,58.800,1.100,1.91,17/10/2018 
57.700,58.850,57.250,57.940,15773900.000,57.670,57.650,57.700,0.030,0.05,16/10/2018 
57.670,58.450,56.840,56.950,16246500.000,56.480,57.670,57.690,1.190,2.11,15/10/2018 
56.480,57.160,55.620,56.440,15930500.000,55.890,56.480,56.500,0.590,1.06,11/10/2018 
55.890,58.140,55.890,57.380,14082500.000,57.660,55.880,55.890,-1.770,-3.07,10/10/2018 
57.660,58.320,56.720,57.400,17763500.000,57.050,57.650,57.670,0.610,1.07,09/10/2018 
57.050,57.570,55.260,57.000,26311900.000,57.490,57.050,57.070,-0.440,-0.77,08/10/2018 
57.490,58.310,57.230,57.850,20133400.000,58.800,57.490,57.540,-1.310,-2.23,05/10/2018 
58.800,60.340,58.670,59.990,14367800.000,59.950,58.800,58.930,-1.150,-1.92,04/10/2018 
59.950,62.190,59.320,62.010,26601300.000,61.200,59.950,59.970,-1.250,-2.04,03/10/2018 
61.200,61.740,60.480,60.870,20504200.000,60.400,61.190,61.200,0.800,1.32,02/10/2018 
60.400,60.570,59.080,59.680,8923500.000,59.820,60.340,60.400,0.580,0.97,01/10/2018 
59.820,60.290,58.850,58.850,14685700.000,59.480,59.770,59.850,0.340,0.57,28/09/2018 
59.480,60.750,58.610,60.220,20582800.000,60.010,59.440,59.480,-0.530,-0.88,27/09/2018 
60.010,62.420,59.750,62.200,24547700.000,62.200,60.010,60.100,-2.190,-3.52,26/09/2018 
62.200,62.220,59.860,60.000,16786500.000,60.200,62.120,62.200,2.000,3.32,25/09/2018 
60.200,61.250,60.150,60.850,8947600.000,61.010,60.200,60.290,-0.810,-1.33,24/09/2018 
61.010,61.010,59.600,59.890,22963700.000,59.320,61.000,61.010,1.690,2.85,21/09/2018 
59.320,59.610,58.430,59.210,11211100.000,58.580,59.300,59.320,0.740,1.26,20/09/2018 
58.580,58.940,57.530,57.610,12411400.000,57.340,58.550,58.580,1.240,2.16,19/09/2018 
57.340,57.470,55.510,55.630,20593300.000,55.040,57.260,57.340,2.300,4.18,18/09/2018 
55.040,55.570,54.790,55.300,12057600.000,55.200,55.010,55.040,-0.160,-0.29,17/09/2018 
55.200,55.230,54.050,54.100,16974900.000,53.780,55.180,55.200,1.420,2.64,14/09/2018 
53.780,54.430,53.520,53.700,14326200.000,53.450,53.750,53.790,0.330,0.62,13/09/2018 
53.450,53.710,52.180,53.000,14219600.000,52.590,53.450,53.460,0.860,1.64,12/09/2018 
52.590,52.990,52.130,52.610,10323800.000,53.220,52.590,52.600,-0.630,-1.18,11/09/2018 
53.220,54.040,52.960,53.910,9284700.000,53.480,53.120,53.220,-0.260,-0.49,10/09/2018 
53.480,53.870,52.400,52.790,12138500.000,52.150,53.470,53.480,1.330,2.55,06/09/2018 
52.150,52.640,51.750,52.080,7064600.000,52.000,52.150,52.180,0.150,0.29,05/09/2018 
52.000,53.790,52.000,53.600,10475200.000,53.620,51.990,52.000,-2.050,-3.79,04/09/2018 
54.050,54.170,53.210,53.300,4328800.000,53.620,54.040,53.940,0.430,0.80,03/09/2018 
53.620,54.800,53.310,54.520,14964700.000,54.570,53.590,53.620,-0.950,-1.74,31/08/2018 
54.570,55.890,54.400,55.300,14385300.000,55.220,54.550,54.600,-0.650,-1.18,30/08/2018 
55.220,56.160,55.140,55.250,10222400.000,55.650,55.220,55.250,-0.430,-0.77,29/08/2018 
55.650,56.410,55.070,55.930,17813900.000,55.670,55.650,55.660,-0.020,-0.04,28/08/2018 
55.670,55.670,54.170,54.170,11099500.000,54.150,55.630,55.670,1.520,2.81,27/08/2018 
54.150,54.460,53.550,53.600,10929300.000,53.350,54.140,54.150,0.800,1.50,24/08/2018 
53.350,53.520,52.650,53.100,12222600.000,53.300,53.340,53.350,0.050,0.09,23/08/2018 
53.300,53.300,51.630,51.650,13032200.000,51.730,53.240,53.300,1.570,3.03,22/08/2018 
51.730,52.100,51.020,51.160,13327400.000,51.440,51.700,51.730,0.290,0.56,21/08/2018 
51.440,51.770,51.040,51.100,14745600.000,50.800,51.440,51.580,0.640,1.26,20/08/2018 
50.800,51.190,49.230,49.530,17319100.000,49.720,50.790,50.890,1.080,2.17,17/08/2018 
49.720,51.030,49.630,50.900,20073100.000,50.410,49.710,49.720,-0.690,-1.37,16/08/2018 
50.410,51.980,50.350,51.600,26517200.000,52.760,50.400,50.440,-2.350,-4.45,15/08/2018 
52.760,52.910,51.770,52.100,17382200.000,52.280,52.750,52.760,0.480,0.92,14/08/2018 
52.280,52.690,51.740,52.070,14639700.000,51.710,52.270,52.280,0.570,1.10,13/08/2018 
51.710,51.910,50.720,51.410,14590500.000,51.840,51.700,51.710,-0.130,-0.25,10/08/2018 
51.840,53.040,51.730,52.500,12726400.000,52.400,51.840,51.840,-0.560,-1.07,09/08/2018 
52.400,53.330,52.260,53.300,12995100.000,52.750,52.390,52.400,-0.350,-0.66,08/08/2018 
52.750,53.650,52.630,53.390,19010800.000,52.400,52.750,52.760,0.350,0.67,07/08/2018 
52.400,52.910,52.000,52.100,11865200.000,52.550,52.400,52.450,-0.150,-0.29,06/08/2018 
52.550,52.940,51.330,52.310,15533800.000,52.840,52.540,52.550,1.000,1.94,03/08/2018 
52.840,53.090,51.500,52.760,19752000.000,53.060,52.840,52.850,-0.220,-0.41,02/08/2018 
53.060,53.770,53.020,53.400,36802200.000,54.840,53.050,53.060,-1.780,-3.25,01/08/2018 
54.840,54.980,54.050,54.200,15868700.000,54.330,54.830,54.850,0.510,0.94,31/07/2018 
54.330,54.350,53.560,53.700,15473000.000,53.450,54.310,54.330,0.880,1.65,30/07/2018 
53.450,53.670,53.250,53.480,21490600.000,52.780,53.450,53.530,0.670,1.27,27/07/2018 
52.780,53.180,52.400,52.470,54246600.000,51.750,52.780,52.800,1.030,1.99,26/07/2018 
51.750,51.750,50.740,51.460,15154800.000,51.310,51.720,51.750,0.440,0.86,25/07/2018 
51.310,52.390,51.310,51.920,20818800.000,49.600,51.310,51.320,1.710,3.45,24/07/2018 
49.600,50.130,48.530,49.080,8488400.000,48.720,49.590,49.680,0.880,1.81,23/07/2018 
48.720,49.860,48.630,49.590,16648000.000,49.430,48.720,48.730,-0.710,-1.44,20/07/2018 
49.430,50.750,49.060,50.710,20679500.000,51.450,49.410,49.430,-2.020,-3.93,19/07/2018 
51.450,51.670,50.820,51.150,9724000.000,50.700,51.400,51.450,0.750,1.48,18/07/2018 
50.700,51.020,49.700,50.130,11485000.000,50.000,50.700,50.820,0.700,1.40,17/07/2018 
50.000,50.600,49.600,50.310,12493300.000,50.310,49.990,50.000,-0.310,-0.62,16/07/2018 
50.310,50.890,49.930,50.600,15454400.000,50.450,50.310,50.450,-0.140,-0.28,13/07/2018 
50.460,50.670,48.960,49.350,18766200.000,48.860,50.450,50.460,1.600,3.27,12/07/2018 
48.980,49.100,48.450,48.500,12262700.000,49.530,48.970,48.980,-0.550,-1.11,11/07/2018 
49.530,51.100,49.350,50.700,10886300.000,50.340,49.510,49.550,-0.810,-1.61,10/07/2018 
50.260,50.440,49.390,49.790,7623500.000,49.700,50.290,50.320,0.560,1.13,06/07/2018 
49.700,49.770,48.310,48.550,12154800.000,48.030,49.700,49.710,1.670,3.48,05/07/2018 
48.030,48.370,47.600,48.170,6107400.000,47.960,48.030,48.110,0.070,0.15,04/07/2018 
47.960,49.490,47.960,49.300,11338100.000,48.760,47.960,47.990,-0.800,-1.64,03/07/2018 
48.760,49.190,48.520,48.890,8168300.000,49.590,48.760,48.780,-0.830,-1.67,02/07/2018 
49.590,50.100,49.050,49.700,12183200.000,49.070,49.460,49.600,0.520,1.06,29/06/2018 
49.070,49.440,47.500,47.850,16271300.000,48.150,49.060,49.070,0.920,1.91,28/06/2018 
48.150,49.280,47.900,48.480,14434200.000,48.340,48.120,48.150,-0.190,-0.39,27/06/2018 
48.340,48.340,46.630,47.500,15413000.000,47.160,48.250,48.340,1.180,2.50,26/06/2018 
47.160,47.800,46.260,47.700,13735300.000,48.010,47.150,47.160,-0.850,-1.77,25/06/2018 
48.010,48.470,47.480,48.150,9592700.000,47.210,48.000,48.040,0.800,1.69,22/06/2018 
47.210,49.200,47.040,48.510,13834400.000,48.810,47.200,47.250,-1.600,-3.28,21/06/2018 
48.810,49.080,48.070,48.790,14362000.000,48.300,48.810,48.870,0.510,1.06,20/06/2018 
48.300,48.750,47.030,47.700,26707700.000,49.210,48.300,48.340,-0.910,-1.85,19/06/2018 
49.210,49.290,47.860,48.620,20437500.000,49.130,49.210,49.220,0.080,0.16,18/06/2018 
49.130,51.440,48.700,51.400,36525500.000,51.710,49.110,49.130,-2.580,-4.99,15/06/2018 
51.710,51.890,50.750,51.870,18784800.000,51.550,51.700,51.710,0.160,0.31,14/06/2018 
51.550,52.240,50.730,51.980,15583400.000,51.700,51.480,51.550,-0.150,-0.29,13/06/2018 
51.700,52.360,50.160,50.500,18368000.000,50.850,51.700,51.730,0.850,1.67,12/06/2018 
50.850,52.000,50.590,51.370,14335700.000,50.890,50.850,50.880,-0.040,-0.08,11/06/2018 
50.890,53.990,50.660,53.990,30342400.000,54.370,50.830,50.890,-3.480,-6.40,08/06/2018 
54.370,56.750,53.070,56.460,32362900.000,56.070,54.340,54.370,-1.700,-3.03,07/06/2018 
56.070,56.230,54.490,54.500,26722600.000,53.730,56.000,56.070,2.340,4.36,06/06/2018 
53.730,54.000,52.500,52.500,16912500.000,52.520,53.700,53.730,1.210,2.30,05/06/2018 
52.520,53.450,51.760,53.180,13891200.000,52.760,52.500,52.520,-0.240,-0.45,04/06/2018 
52.760,53.080,50.650,50.900,20390900.000,50.630,52.750,52.780,2.130,4.21,01/06/2018 
50.630,51.350,49.700,50.210,25838900.000,50.160,50.610,50.630,0.470,0.94,30/05/2018 
50.160,52.060,49.990,51.970,18607600.000,51.070,50.150,50.160,-0.910,-1.78,29/05/2018 
51.070,52.460,50.710,50.900,13723200.000,51.480,51.070,51.070,-0.410,-0.80,28/05/2018 
51.480,52.790,51.050,52.580,13103200.000,52.460,51.350,51.480,-0.980,-1.87,25/05/2018 
52.460,53.000,51.260,51.320,14465600.000,51.940,52.460,52.470,0.520,1.00,24/05/2018 
51.940,52.240,51.250,51.800,15631100.000,52.340,51.930,51.980,-0.400,-0.76,23/05/2018 
52.340,53.060,51.870,52.870,20455900.000,53.000,52.340,52.440,-0.660,-1.25,22/05/2018 
53.000,55.100,53.000,55.010,22537100.000,54.770,53.000,53.010,-1.770,-3.23,21/05/2018 
54.770,55.500,53.450,54.700,22282400.000,55.380,54.750,54.770,-0.610,-1.10,18/05/2018 
55.380,55.800,54.750,55.300,20193700.000,55.900,55.380,55.390,-0.520,-0.93,17/05/2018 
55.900,56.000,55.140,55.330,20816200.000,54.650,55.900,55.910,1.250,2.29,16/05/2018 
54.650,54.650,53.180,53.810,15886900.000,54.270,54.650,54.660,0.380,0.70,15/05/2018 
54.270,54.400,53.000,53.080,15797200.000,52.630,54.270,54.300,1.640,3.12,14/05/2018 
52.630,53.580,51.750,51.770,21370300.000,51.400,52.600,52.630,1.230,2.39,11/05/2018 
51.400,51.400,50.380,50.410,14293100.000,50.250,51.370,51.410,1.150,2.29,10/05/2018 
50.250,50.420,49.330,49.420,16746100.000,49.190,50.240,50.250,1.060,2.15,09/05/2018 
49.190,49.680,48.910,49.250,22376800.000,49.240,49.190,49.240,-0.050,-0.10,08/05/2018 
49.240,50.040,49.110,49.720,15408200.000,49.700,49.240,49.250,-0.460,-0.93,07/05/2018 
49.700,49.900,48.920,48.920,14756600.000,49.090,49.700,49.710,0.610,1.24,04/05/2018 
49.090,49.330,48.580,48.810,13992900.000,48.710,49.080,49.090,0.380,0.78,03/05/2018 
48.710,49.320,48.420,48.500,16502400.000,48.670,48.710,48.720,0.040,0.08,02/05/2018 
48.670,48.830,48.150,48.260,8436100.000,48.350,48.590,48.670,0.320,0.66,30/04/2018 
48.350,49.150,47.860,48.900,14596900.000,48.700,48.340,48.350,-0.350,-0.72,27/04/2018 
48.700,49.000,47.620,47.700,13229600.000,47.950,48.700,48.730,0.750,1.56,26/04/2018 
47.950,48.490,47.440,47.750,15410800.000,48.310,47.950,47.990,-0.360,-0.75,25/04/2018 
48.310,48.590,47.700,47.700,15081600.000,47.500,48.300,48.320,0.810,1.71,24/04/2018 
47.500,47.980,47.060,47.220,11767600.000,47.630,47.490,47.500,-0.130,-0.27,23/04/2018 
47.630,47.900,47.330,47.760,10159900.000,47.830,47.590,47.630,-0.200,-0.42,20/04/2018 
47.830,48.170,47.400,47.780,16081500.000,47.480,47.810,47.830,0.350,0.74,19/04/2018 
47.480,48.080,46.850,47.000,27545200.000,45.930,47.450,47.480,1.550,3.37,18/04/2018 
45.930,46.000,44.560,44.600,13294000.000,44.540,45.900,45.930,1.390,3.12,17/04/2018 
44.540,44.850,44.310,44.610,11390600.000,44.980,44.500,44.540,-0.440,-0.98,16/04/2018 
44.980,45.170,44.600,44.850,15442700.000,44.810,44.980,44.990,0.170,0.38,13/04/2018 
44.810,44.860,44.320,44.420,9778000.000,44.640,44.810,44.820,0.170,0.38,12/04/2018 
44.640,45.060,44.220,44.560,17667000.000,44.840,44.630,44.640,-0.200,-0.45,11/04/2018 
44.840,44.840,43.670,43.800,22404100.000,42.950,44.800,44.840,1.890,4.40,10/04/2018 
42.950,43.230,42.210,43.070,11704900.000,42.740,42.920,42.950,0.210,0.49,09/04/2018 
42.740,43.100,42.250,42.910,11275000.000,43.250,42.710,42.750,-0.510,-1.18,06/04/2018 
43.250,43.690,43.030,43.310,14675900.000,42.550,43.250,43.260,0.700,1.65,05/04/2018 
42.550,42.600,41.590,41.800,12414900.000,42.870,42.520,42.550,-0.320,-0.75,04/04/2018 
42.870,43.550,42.440,43.400,13640900.000,43.000,42.850,42.870,-0.130,-0.30,03/04/2018 
43.000,43.470,42.320,42.320,18900400.000,42.210,43.000,43.010,0.790,1.87,02/04/2018 
42.210,42.750,41.740,41.870,20201800.000,41.540,42.210,42.230,0.670,1.61,29/03/2018 
41.540,41.700,40.060,40.610,19018400.000,40.860,41.540,41.550,0.680,1.66,28/03/2018 
40.860,42.390,40.720,42.390,11608000.000,42.000,40.860,40.870,-1.140,-2.71,27/03/2018 
42.000,42.380,41.610,42.000,9800200.000,41.600,41.990,42.000,0.400,0.96,26/03/2018 
41.600,42.200,41.010,41.240,14945900.000,41.930,41.600,41.690,-0.330,-0.79,23/03/2018 
41.930,42.250,41.620,41.940,15145300.000,42.500,41.900,41.930,-0.570,-1.34,22/03/2018 
42.500,42.690,41.430,41.750,19759400.000,41.600,42.500,42.510,0.900,2.16,21/03/2018 
41.600,41.920,40.930,41.100,9299300.000,41.100,41.600,41.610,0.500,1.22,20/03/2018 
41.100,41.520,40.670,41.520,21828100.000,42.300,41.090,41.100,-1.200,-2.84,19/03/2018 
42.300,42.600,42.050,42.400,26667800.000,42.400,42.290,42.300,-0.100,-0.24,16/03/2018 
42.400,42.820,42.130,42.700,16000900.000,42.600,42.400,42.400,-0.200,-0.47,15/03/2018 
42.600,43.340,42.570,42.850,17879300.000,42.130,42.590,42.600,0.470,1.12,14/03/2018 
42.130,42.800,42.050,42.740,13831400.000,42.460,42.130,42.140,-0.330,-0.78,13/03/2018 
42.460,42.630,41.940,42.290,11796700.000,42.100,42.450,42.460,0.360,0.86,12/03/2018 
42.100,42.270,40.510,40.970,21077800.000,41.460,42.090,42.100,0.640,1.54,09/03/2018 
41.460,42.790,41.250,42.680,19983100.000,42.850,41.460,41.470,-1.390,-3.24,08/03/2018 
42.850,43.020,42.200,42.510,19334700.000,43.490,42.850,42.850,-0.220,-0.51,07/03/2018 
43.490,44.920,43.420,44.500,22342000.000,43.700,43.480,43.490,-0.210,-0.48,06/03/2018 
43.700,43.940,42.880,43.480,16100600.000,43.750,43.680,43.700,-0.050,-0.11,05/03/2018 
43.750,43.880,42.740,43.800,25236200.000,44.450,43.730,43.770,-0.700,-1.57,02/03/2018 
44.450,45.630,43.970,45.210,25776000.000,45.050,44.440,44.450,-0.600,-1.33,01/03/2018 
45.050,47.090,44.650,46.990,39459100.000,47.330,45.050,45.060,-2.280,-4.82,28/02/2018 
47.330,47.600,46.710,47.470,15063400.000,47.400,47.330,47.340,-0.070,-0.15,27/02/2018 
47.400,47.400,46.690,46.740,20374600.000,46.080,47.400,47.420,1.320,2.86,26/02/2018 
46.080,46.410,45.650,46.000,17489800.000,45.670,46.080,46.090,0.410,0.90,23/02/2018 
45.670,45.680,45.120,45.230,14081800.000,44.800,45.650,45.670,0.870,1.94,22/02/2018 
44.800,45.960,44.710,45.510,24312600.000,45.510,44.800,44.810,-0.710,-1.56,21/02/2018 
45.510,46.450,45.240,46.050,18417600.000,46.450,45.500,45.510,-0.940,-2.02,20/02/2018 
46.450,46.800,45.960,46.100,12756100.000,46.030,46.450,46.460,0.420,0.91,19/02/2018 
46.030,46.190,45.470,45.820,21107300.000,45.950,46.030,46.040,0.080,0.17,16/02/2018 
45.950,45.960,44.950,45.010,31043100.000,44.510,45.950,45.960,1.440,3.24,15/02/2018 
44.510,44.550,43.260,43.400,25905800.000,42.000,44.500,44.510,2.510,5.98,14/02/2018 
42.000,42.400,41.030,41.400,22760500.000,41.590,42.000,42.010,0.410,0.99,09/02/2018 
41.590,42.130,41.070,41.690,18928800.000,41.710,41.580,41.590,-0.120,-0.29,08/02/2018 
41.710,42.720,41.700,42.430,20560700.000,42.470,41.710,41.800,-0.760,-1.79,07/02/2018 
42.470,42.470,39.930,40.010,26037000.000,40.350,42.420,42.470,2.120,5.25,06/02/2018 
40.350,42.040,40.330,40.600,22452800.000,40.800,40.340,40.350,-0.450,-1.10,05/02/2018 
40.800,41.650,40.750,41.650,17892300.000,41.790,40.790,40.800,-0.990,-2.37,02/02/2018 
41.790,42.470,41.570,41.600,21949700.000,41.450,41.790,41.900,0.340,0.82,01/02/2018 
41.450,42.680,41.450,41.750,22859700.000,41.470,41.450,41.500,-0.020,-0.05,31/01/2018 
41.470,41.960,41.230,41.700,13180300.000,41.890,41.470,41.480,-0.420,-1.00,30/01/2018 
41.890,42.240,41.040,41.100,16752900.000,41.430,41.860,41.890,0.460,1.11,29/01/2018 
41.430,41.880,40.710,41.850,19259500.000,41.780,41.430,41.440,-0.350,-0.84,26/01/2018 
41.780,42.130,41.140,41.210,22096600.000,40.870,41.770,41.780,0.910,2.23,24/01/2018 
40.870,42.110,40.800,41.990,24355800.000,42.650,40.870,40.880,-1.780,-4.17,23/01/2018 
42.650,43.160,42.220,43.100,11580900.000,42.880,42.600,42.650,-0.230,-0.54,22/01/2018 
42.880,43.400,42.600,43.200,11173100.000,42.860,42.880,42.950,0.020,0.05,19/01/2018 
42.860,43.610,42.680,43.500,10772100.000,43.150,42.850,42.860,-0.290,-0.67,18/01/2018 
43.150,43.220,42.360,42.400,16490700.000,42.300,43.100,43.150,0.850,2.01,17/01/2018 
42.300,43.140,42.300,42.980,20121900.000,43.470,42.300,42.360,-1.170,-2.69,16/01/2018 
43.470,43.720,43.270,43.500,7253400.000,43.550,43.470,43.530,-0.080,-0.18,15/01/2018 
43.550,43.660,42.750,42.950,15014300.000,43.300,43.500,43.550,0.250,0.58,12/01/2018 
43.300,43.300,42.600,42.600,10236300.000,42.470,43.180,43.300,0.830,1.95,11/01/2018 
42.470,42.950,42.420,42.740,12149500.000,43.070,42.470,42.500,-0.600,-1.39,10/01/2018 
43.070,43.750,42.930,43.580,15986200.000,43.230,43.070,43.140,-0.160,-0.37,09/01/2018 
43.230,43.230,42.400,42.400,14542800.000,42.290,43.200,43.230,0.940,2.22,08/01/2018 
42.290,42.290,41.310,41.570,15251300.000,41.640,42.230,42.290,0.650,1.56,05/01/2018 
41.640,42.370,41.520,41.810,18433000.000,41.470,41.640,41.710,0.170,0.41,04/01/2018 
41.470,41.880,41.300,41.830,12744000.000,41.720,41.470,41.500,-0.250,-0.60,03/01/2018 
41.720,41.740,40.440,40.440,14156500.000,40.260,41.700,41.720,1.460,3.63,02/01/2018 
40.260,40.260,39.930,40.010,9963300.000,39.860,40.240,40.260,0.400,1.00,28/12/2017 
39.860,40.210,39.630,39.800,9943000.000,39.850,39.860,39.880,0.010,0.03,27/12/2017 
39.850,40.000,39.020,39.610,9986600.000,39.790,39.840,39.850,0.060,0.15,26/12/2017 
39.790,39.830,39.220,39.340,10140000.000,39.730,39.780,39.790,0.420,1.07,22/12/2017 
39.730,39.730,39.080,39.100,11772500.000,39.150,39.700,39.730,0.580,1.48,21/12/2017 
39.150,39.210,37.970,37.970,19218100.000,37.850,39.120,39.150,1.300,3.43,20/12/2017 
37.850,38.100,37.640,37.710,14041000.000,37.840,37.850,37.950,0.010,0.03,19/12/2017 
37.840,38.020,37.340,37.490,24339300.000,36.890,37.830,37.840,0.950,2.58,18/12/2017 
36.890,37.280,36.360,36.510,32954100.000,36.240,36.890,36.900,0.650,1.79,15/12/2017 
36.240,36.580,35.790,35.910,17718000.000,36.110,36.240,36.260,0.130,0.36,14/12/2017 
36.110,36.480,36.050,36.430,21135300.000,36.180,36.110,36.140,-0.070,-0.19,13/12/2017 
36.180,36.180,35.220,35.630,17624400.000,35.760,36.160,36.180,0.420,1.17,12/12/2017 
35.760,36.000,35.480,35.830,14785300.000,35.480,35.760,35.830,0.280,0.79,11/12/2017 
35.480,35.950,35.460,35.810,21502200.000,35.340,35.470,35.480,0.140,0.40,08/12/2017 
35.340,35.500,34.900,35.050,19876200.000,35.760,35.300,35.340,-0.420,-1.17,07/12/2017 
35.760,35.990,35.360,35.580,20400800.000,36.020,35.760,35.790,-0.260,-0.72,06/12/2017 
36.020,37.400,36.020,36.810,25898800.000,36.830,36.020,36.050,-0.810,-2.20,05/12/2017 
36.830,36.980,35.850,35.960,22600100.000,35.480,36.830,36.850,1.350,3.80,04/12/2017 
35.480,35.970,34.890,35.200,17204100.000,35.140,35.480,35.490,0.340,0.97,01/12/2017 
35.140,36.080,34.930,35.700,25417100.000,35.700,35.090,35.140,-0.560,-1.57,30/11/2017 
35.700,36.580,35.630,36.280,18176000.000,36.250,35.700,35.770,-0.550,-1.52,29/11/2017 
36.250,36.650,35.250,35.450,28591400.000,35.410,36.250,36.260,0.840,2.37,28/11/2017 
35.410,35.780,35.080,35.460,15112700.000,35.790,35.400,35.410,-0.380,-1.06,27/11/2017 
35.790,35.850,35.110,35.180,30784900.000,35.200,35.600,35.790,0.590,1.68,24/11/2017 
35.200,35.350,34.570,34.830,11962000.000,34.740,35.200,35.210,0.460,1.32,23/11/2017 
34.740,34.970,34.280,34.400,22150200.000,34.050,34.720,34.740,0.690,2.03,22/11/2017 
34.050,34.050,33.150,33.290,23741300.000,32.920,34.000,34.050,1.130,3.43,21/11/2017 
32.920,33.170,32.320,32.590,13771300.000,32.600,32.920,32.940,0.320,0.98,17/11/2017 
32.600,32.790,32.030,32.460,16280300.000,32.160,32.600,32.700,0.440,1.37,16/11/2017 
32.160,33.100,31.940,33.020,23389800.000,33.140,32.150,32.170,-0.980,-2.96,14/11/2017 
33.140,33.440,32.590,32.840,12424700.000,32.770,33.140,33.150,0.370,1.13,13/11/2017 
32.770,33.030,32.500,32.780,12199100.000,32.800,32.760,32.780,-0.030,-0.09,10/11/2017 
32.800,33.710,32.800,33.700,19246700.000,33.940,32.800,32.810,-1.140,-3.36,09/11/2017 
33.940,33.950,33.450,33.810,11580800.000,33.520,33.930,33.940,0.420,1.25,08/11/2017 
33.520,34.240,33.520,34.240,20239700.000,34.340,33.520,33.600,-0.820,-2.39,07/11/2017 
34.340,34.340,33.830,33.890,26333200.000,33.540,34.310,34.340,0.800,2.39,06/11/2017 
33.540,33.540,33.000,33.200,29217800.000,32.820,33.530,33.540,0.720,2.19,03/11/2017 
32.820,33.280,32.690,32.800,29708700.000,32.100,32.810,32.820,0.720,2.24,01/11/2017 
32.100,32.690,32.010,32.420,14629600.000,32.350,32.100,32.200,-0.250,-0.77,31/10/2017 
32.350,32.930,31.840,32.190,19401600.000,32.550,32.340,32.350,-0.200,-0.61,30/10/2017 
32.550,32.870,32.030,32.290,17377200.000,32.670,32.540,32.550,-0.120,-0.37,27/10/2017 
32.670,33.900,32.670,33.870,25302400.000,33.550,32.660,32.670,-0.880,-2.62,26/10/2017 
33.550,33.860,33.070,33.630,16724100.000,33.830,33.550,33.580,-0.280,-0.83,25/10/2017 
33.830,33.830,32.550,32.880,19996200.000,32.710,33.760,33.830,1.120,3.42,24/10/2017 
32.710,33.200,32.640,33.000,11948700.000,32.950,32.710,32.760,-0.240,-0.73,23/10/2017 
32.950,33.780,32.950,33.750,24301000.000,33.000,32.950,33.000,-0.050,-0.15,20/10/2017 
33.000,33.070,31.710,31.750,18549800.000,32.270,32.990,33.000,0.730,2.26,19/10/2017 
32.270,32.950,31.790,32.760,21210600.000,32.580,32.270,32.280,-0.310,-0.95,18/10/2017 
32.580,33.320,32.580,33.110,19842700.000,33.350,32.580,32.680,-0.770,-2.31,17/10/2017 
33.350,33.640,32.830,33.380,35861900.000,32.910,33.350,33.350,0.440,1.34,16/10/2017 
32.910,33.100,32.000,32.100,31308600.000,31.100,32.910,32.960,1.810,5.82,13/10/2017 
31.100,31.490,30.730,30.940,22923100.000,31.320,31.090,31.100,-0.220,-0.70,11/10/2017 
31.320,31.700,30.940,31.650,20058300.000,31.500,31.310,31.320,-0.180,-0.57,10/10/2017 
31.500,32.100,31.260,32.050,13193900.000,32.140,31.490,31.500,-0.640,-1.99,09/10/2017 
32.140,32.150,31.830,32.070,12364100.000,32.270,32.110,32.150,-0.130,-0.40,06/10/2017 
32.270,33.190,32.240,33.000,17079700.000,32.610,32.250,32.270,-0.340,-1.04,05/10/2017 
32.610,33.070,32.610,32.880,17370500.000,32.680,32.610,32.630,-0.070,-0.21,04/10/2017 
32.680,32.680,31.760,32.090,23348900.000,31.900,32.640,32.680,0.780,2.45,03/10/2017 
31.900,32.430,31.870,32.250,13432900.000,31.870,31.900,31.910,0.030,0.09,02/10/2017 
31.870,32.400,31.610,32.140,15930400.000,31.750,31.870,31.900,0.120,0.38,29/09/2017 
31.750,31.850,31.280,31.510,17519100.000,31.930,31.720,31.750,-0.180,-0.56,28/09/2017 
31.930,32.250,31.030,31.980,26162600.000,31.500,31.920,31.940,0.430,1.37,27/09/2017 
31.500,31.930,31.410,31.470,17015200.000,31.090,31.500,31.510,0.410,1.32,26/09/2017 
31.090,32.290,31.000,31.800,20687500.000,31.910,31.080,31.100,-0.820,-2.57,25/09/2017 
31.910,32.380,31.850,32.150,16823400.000,32.510,31.900,31.910,-0.600,-1.85,22/09/2017 
32.510,32.770,32.160,32.650,26131700.000,33.170,32.510,32.530,-0.660,-1.99,21/09/2017 
33.170,34.150,32.770,33.880,24024700.000,33.920,33.160,33.200,-0.750,-2.21,20/09/2017 
33.920,33.990,33.330,33.800,17055700.000,34.250,33.920,33.930,-0.330,-0.96,19/09/2017 
34.250,34.310,33.780,33.810,18561100.000,33.800,34.240,34.250,0.450,1.33,18/09/2017 
33.800,34.140,33.300,33.360,34074000.000,33.620,33.800,33.890,0.180,0.54,15/09/2017 
33.620,34.100,33.350,34.000,24231000.000,34.770,33.620,33.650,-1.150,-3.31,14/09/2017 
34.770,35.130,34.390,35.050,21935900.000,35.260,34.760,34.770,-0.490,-1.39,13/09/2017 
35.260,35.730,35.230,35.370,16046400.000,35.090,35.260,35.280,0.170,0.48,12/09/2017 
35.090,35.210,34.730,34.800,19092500.000,34.480,35.090,35.100,0.610,1.77,11/09/2017 
34.480,36.110,34.470,35.690,22867200.000,35.800,34.480,34.490,-1.320,-3.69,08/09/2017 
35.800,36.090,35.470,35.820,18067200.000,35.600,35.800,35.870,0.200,0.56,06/09/2017 
35.600,36.690,35.180,36.500,24106300.000,36.100,35.580,35.600,-0.500,-1.39,05/09/2017 
36.100,36.190,35.310,35.380,14958000.000,35.670,36.100,36.120,0.430,1.21,04/09/2017 
35.670,35.980,35.260,35.500,22462700.000,35.080,35.670,35.780,0.590,1.68,01/09/2017 
35.080,35.180,34.450,34.920,56185000.000,34.340,35.000,35.080,0.740,2.15,31/08/2017 
34.340,34.710,34.240,34.500,13954700.000,34.440,34.340,34.350,-0.100,-0.29,30/08/2017 
34.440,34.660,33.910,34.000,15647700.000,34.360,34.400,34.440,0.080,0.23,29/08/2017 
34.360,34.490,33.650,33.700,14843200.000,33.830,34.350,34.360,0.530,1.57,28/08/2017 
33.830,34.330,33.420,34.120,16267700.000,33.880,33.830,33.840,-0.050,-0.15,25/08/2017 
33.880,34.000,32.330,32.560,20394100.000,32.540,33.850,33.880,1.340,4.12,24/08/2017 
32.540,32.550,31.600,31.740,15314800.000,31.860,32.530,32.540,0.680,2.13,23/08/2017 
31.860,32.390,31.710,32.350,19092300.000,31.750,31.860,31.880,0.110,0.35,22/08/2017 
31.750,32.240,31.710,31.990,19833500.000,31.550,31.740,31.750,0.200,0.63,21/08/2017 
31.550,32.050,31.410,31.800,24350300.000,31.200,31.550,31.650,0.350,1.12,18/08/2017 
31.200,32.040,31.110,31.890,14011700.000,31.730,31.190,31.200,-0.530,-1.67,17/08/2017 
31.730,32.070,31.320,31.400,25977200.000,31.120,31.730,31.870,0.610,1.96,16/08/2017 
31.120,31.450,30.690,31.300,17690400.000,31.300,31.110,31.120,-0.180,-0.58,15/08/2017 
31.300,31.470,30.540,30.780,16860000.000,30.800,31.290,31.300,0.500,1.62,14/08/2017 
30.800,31.270,30.560,31.270,13439600.000,31.500,30.800,30.810,-0.700,-2.22,11/08/2017 
31.500,32.030,31.390,31.790,7373100.000,31.920,31.470,31.500,-0.420,-1.32,10/08/2017 
31.920,32.250,31.700,32.000,7836800.000,32.050,31.890,31.920,-0.130,-0.41,09/08/2017 
32.050,32.620,31.560,32.090,9690900.000,32.420,32.050,32.160,-0.370,-1.14,08/08/2017 
32.420,32.430,31.590,31.600,7791300.000,31.230,32.330,32.420,1.190,3.81,07/08/2017 
31.230,31.490,30.740,30.960,4574000.000,30.680,31.230,31.290,0.550,1.79,04/08/2017 
30.680,31.230,30.640,31.140,5049800.000,31.110,30.680,30.700,-0.430,-1.38,03/08/2017 
31.110,31.270,30.540,30.700,6073700.000,31.060,31.110,31.120,0.050,0.16,02/08/2017 
31.060,31.250,30.700,31.250,4301300.000,31.300,31.010,31.060,-0.240,-0.77,01/08/2017 
31.300,31.520,31.040,31.500,6246100.000,30.340,31.290,31.320,0.960,3.16,31/07/2017 
30.340,30.350,29.330,29.530,5148400.000,29.700,30.300,30.340,0.640,2.15,28/07/2017 
29.700,30.210,29.270,29.660,5509100.000,29.660,29.700,29.720,0.040,0.13,27/07/2017 
29.660,30.900,29.650,30.900,10669000.000,30.610,29.660,29.700,-0.950,-3.10,26/07/2017 
30.610,30.650,29.560,29.560,11646100.000,29.130,30.570,30.610,1.480,5.08,25/07/2017 
29.130,29.160,28.500,28.620,4203000.000,28.500,29.120,29.130,0.630,2.21,24/07/2017 
28.500,29.040,28.320,28.700,5459900.000,28.720,28.500,28.520,-0.220,-0.77,21/07/2017 
28.720,29.830,28.650,29.830,5909300.000,29.900,28.700,28.720,-1.180,-3.95,20/07/2017 
29.900,30.170,29.730,30.010,4386300.000,29.900,29.860,29.900,0.000,0.00,19/07/2017 
29.900,30.040,29.520,29.900,3970100.000,29.720,29.830,29.900,0.180,0.61,18/07/2017 
29.720,30.270,29.640,29.850,4646700.000,29.520,29.720,29.760,0.200,0.68,17/07/2017 
29.520,29.710,29.300,29.450,3715400.000,29.180,29.520,29.550,0.340,1.17,14/07/2017 
29.180,30.240,29.020,30.110,7756300.000,29.900,29.180,29.190,-0.720,-2.41,13/07/2017 
29.900,30.290,29.470,30.200,8506600.000,30.040,29.900,29.970,-0.140,-0.47,12/07/2017 
30.040,30.090,29.640,29.830,4947700.000,29.710,30.010,30.040,0.330,1.11,11/07/2017 
29.710,29.750,28.620,28.900,5051800.000,28.890,29.650,29.710,0.820,2.84,10/07/2017 
28.890,29.380,28.430,29.120,4648000.000,28.920,28.880,28.890,-0.030,-0.10,07/07/2017 
28.920,28.980,28.440,28.840,4806600.000,28.930,28.920,28.930,-0.010,-0.03,06/07/2017 
28.930,29.850,28.720,29.630,6434400.000,29.620,28.930,28.940,-0.690,-2.33,05/07/2017 
29.620,29.620,29.360,29.460,1057700.000,29.650,29.600,29.620,-0.030,-0.10,04/07/2017 
29.650,29.710,29.100,29.260,2162200.000,29.000,29.610,29.660,0.650,2.24,03/07/2017 
29.000,29.190,28.660,28.950,4746700.000,28.900,29.000,29.040,0.100,0.35,30/06/2017 
28.900,29.370,28.510,29.120,4298900.000,28.790,28.850,28.900,0.110,0.38,29/06/2017 
28.790,28.880,28.340,28.510,8512800.000,27.920,28.790,28.800,0.870,3.12,28/06/2017 
27.920,28.950,27.890,28.350,7457700.000,27.470,27.920,28.000,0.450,1.64,27/06/2017 
27.470,27.670,27.300,27.340,4031700.000,27.240,27.470,27.500,0.230,0.84,26/06/2017 
27.240,27.490,26.770,27.020,4854400.000,27.020,27.240,27.340,0.220,0.81,23/06/2017 
27.020,27.510,26.320,26.450,4682500.000,26.470,27.010,27.020,0.550,2.08,22/06/2017 
26.470,26.780,25.800,25.900,2750600.000,25.710,26.470,26.510,0.760,2.96,21/06/2017 
25.710,26.140,25.520,26.120,4354800.000,26.390,25.710,25.800,-0.680,-2.58,20/06/2017 
26.390,26.890,25.900,25.990,5718900.000,25.560,26.380,26.390,0.830,3.25,19/06/2017 
25.560,26.010,25.400,25.810,12977600.000,26.100,25.560,25.640,-0.540,-2.07,16/06/2017 
26.100,26.730,25.810,26.640,7632000.000,26.370,26.020,26.100,-0.270,-1.02,14/06/2017 
26.370,26.890,26.150,26.650,4566900.000,26.840,26.320,26.370,-0.470,-1.75,13/06/2017 
26.840,27.510,26.530,27.390,5185200.000,27.300,26.840,26.900,-0.460,-1.68,12/06/2017 
27.300,27.540,26.930,27.160,5220500.000,27.020,27.300,27.340,0.280,1.04,09/06/2017 
27.020,27.280,26.320,26.350,5164200.000,26.450,27.020,27.170,0.570,2.16,08/06/2017 
26.450,27.040,26.330,26.900,5910900.000,26.580,26.430,26.450,-0.130,-0.49,07/06/2017 
26.580,27.160,26.310,26.310,5871000.000,26.490,26.570,26.690,0.090,0.34,06/06/2017 
26.490,26.650,26.220,26.350,3460100.000,26.780,26.490,26.540,-0.290,-1.08,05/06/2017 
26.780,26.990,26.390,26.900,2599600.000,26.670,26.760,26.780,0.110,0.41,02/06/2017 
26.670,27.370,26.490,27.150,6895700.000,27.170,26.650,26.700,-0.500,-1.84,01/06/2017 
27.170,28.270,26.870,28.200,9430500.000,28.600,27.050,27.170,-1.430,-5.00,31/05/2017 
28.600,28.900,27.920,28.150,3071000.000,28.060,28.600,28.630,0.540,1.92,30/05/2017 
28.060,28.750,27.580,27.580,2945800.000,27.860,28.060,28.110,0.200,0.72,29/05/2017 
27.860,27.920,27.330,27.490,2956900.000,27.700,27.740,27.860,0.160,0.58,26/05/2017 
27.700,27.940,27.150,27.510,3993000.000,27.520,27.700,27.760,0.180,0.65,25/05/2017 
27.520,28.130,27.270,28.130,4307700.000,28.260,27.510,27.520,-0.740,-2.62,24/05/2017 
28.260,28.360,27.160,27.750,5402600.000,27.920,28.230,28.260,0.340,1.22,23/05/2017 
27.920,28.170,26.920,27.250,7974200.000,27.250,27.800,27.930,0.670,2.46,22/05/2017 
27.250,27.970,27.000,27.150,6487500.000,26.860,27.240,27.280,0.390,1.45,19/05/2017 
26.860,27.400,25.000,25.000,20095500.000,26.840,26.860,26.870,0.020,0.07,18/05/2017 
26.840,27.480,26.630,27.330,5427300.000,27.260,26.840,26.850,-0.420,-1.54,17/05/2017 
27.260,27.420,26.680,26.820,7041200.000,26.650,27.250,27.260,0.610,2.29,16/05/2017 
26.650,26.650,25.920,26.070,7368800.000,25.910,26.610,26.650,0.740,2.86,15/05/2017 
25.910,26.700,25.740,26.680,3844700.000,26.320,25.910,25.920,-0.410,-1.56,12/05/2017 
26.320,26.710,26.180,26.620,3400900.000,26.560,26.310,26.320,-0.240,-0.90,11/05/2017 
26.560,27.050,26.180,26.880,4513800.000,26.500,26.500,26.560,0.060,0.23,10/05/2017 
26.500,26.820,26.180,26.400,3970800.000,26.030,26.480,26.500,0.470,1.81,09/05/2017 
26.030,26.150,25.430,26.000,4542300.000,26.050,26.000,26.030,-0.020,-0.08,08/05/2017 
26.050,26.400,25.200,25.200,4223600.000,25.350,26.040,26.070,0.700,2.76,05/05/2017 
25.350,25.950,25.060,25.950,7711700.000,26.320,25.350,25.360,-0.970,-3.69,04/05/2017 
26.320,27.710,26.310,27.600,7875200.000,28.060,26.300,26.320,-1.740,-6.20,03/05/2017 
28.060,28.180,27.600,27.700,7800500.000,27.470,27.890,28.070,0.590,2.15,02/05/2017 
27.470,27.710,27.070,27.140,4794200.000,26.830,27.330,27.470,0.640,2.39,28/04/2017 
26.830,28.160,26.420,27.890,9337000.000,27.730,26.800,26.840,-0.900,-3.25,27/04/2017 
27.730,28.590,27.730,28.290,5952100.000,28.350,27.730,27.790,-0.620,-2.19,26/04/2017 
28.350,28.350,27.120,27.320,4655700.000,27.450,28.320,28.350,0.900,3.28,25/04/2017 
27.450,27.960,27.090,27.950,3353300.000,28.050,27.440,27.450,0.170,0.62,24/04/2017 
28.050,28.100,27.120,27.290,4584900.000,26.670,28.040,28.050,1.380,5.17,20/04/2017 
26.670,27.440,26.540,26.900,6304100.000,26.610,26.670,26.710,0.060,0.23,19/04/2017 
26.610,26.760,26.150,26.550,7197300.000,27.430,26.610,26.650,-0.820,-2.99,18/04/2017 
27.430,27.470,26.680,27.250,5369600.000,27.420,27.430,27.440,0.010,0.04,17/04/2017 
27.420,27.900,27.280,27.380,4171300.000,27.420,27.420,27.510,0.000,0.00,13/04/2017 
27.420,28.000,27.280,27.600,6277800.000,28.660,27.400,27.420,-1.240,-4.33,12/04/2017 
28.660,29.290,27.820,29.080,5065100.000,29.030,28.660,28.710,-0.370,-1.27,11/04/2017 
29.030,29.270,28.380,29.140,3783200.000,29.150,28.900,29.030,-0.120,-0.41,10/04/2017 
29.150,29.540,27.930,28.200,7499600.000,28.910,29.110,29.150,0.240,0.83,07/04/2017 
28.910,29.890,28.650,29.730,5805900.000,29.450,28.830,28.910,-0.540,-1.83,06/04/2017 
29.450,31.480,29.270,31.000,6226300.000,30.650,29.450,29.460,-1.200,-3.92,05/04/2017 
30.650,30.710,29.300,29.560,2425400.000,29.510,30.600,30.650,1.140,3.86,04/04/2017 
29.510,30.000,29.090,29.810,4090000.000,29.790,29.500,29.510,-0.280,-0.94,03/04/2017 
29.790,30.350,29.290,29.530,4009300.000,30.100,29.790,29.860,-0.310,-1.03,31/03/2017 
30.100,30.390,29.750,30.000,2230800.000,30.110,30.100,30.130,-0.010,-0.03,30/03/2017 
30.110,30.520,29.550,30.080,3103500.000,29.810,30.110,30.120,0.300,1.01,29/03/2017 
29.810,30.000,29.360,29.670,4454900.000,29.390,29.810,29.820,0.420,1.43,28/03/2017 
29.390,29.620,27.250,27.990,6832700.000,29.000,29.380,29.390,0.390,1.34,27/03/2017 
29.000,29.510,28.550,29.500,3909200.000,29.240,28.900,29.000,-0.240,-0.82,24/03/2017 
29.240,29.630,28.430,29.040,7072000.000,29.400,29.160,29.240,-0.160,-0.54,23/03/2017 
29.400,30.080,28.290,28.450,7011400.000,29.040,29.400,29.490,0.360,1.24,22/03/2017 
29.040,30.970,28.950,30.890,6492000.000,31.630,29.040,29.060,-2.590,-8.19,21/03/2017 
31.630,31.890,30.900,31.150,3235400.000,31.300,31.540,31.630,0.330,1.05,20/03/2017 
31.300,32.770,31.300,32.690,14666000.000,32.530,31.300,31.460,-1.230,-3.78,17/03/2017 
32.530,33.840,32.280,33.620,4526300.000,33.320,32.460,32.530,-0.790,-2.37,16/03/2017 
33.320,33.320,31.570,31.910,7371000.000,31.170,33.270,33.320,2.150,6.90,15/03/2017 
31.170,31.500,30.290,30.750,4090300.000,31.010,31.170,31.190,0.160,0.52,14/03/2017 
31.010,31.380,30.700,30.740,5769000.000,29.650,31.010,31.030,1.360,4.59,13/03/2017 
29.650,31.020,29.650,30.660,5574100.000,30.180,29.650,29.720,-0.530,-1.76,10/03/2017 
30.180,30.580,29.070,29.450,8743900.000,30.120,30.180,30.200,0.060,0.20,09/03/2017 
30.120,31.350,29.830,31.220,5789100.000,30.920,30.040,30.120,-0.800,-2.59,08/03/2017 
30.920,31.870,30.800,31.190,6653500.000,31.100,30.900,30.920,-0.180,-0.58,07/03/2017 
31.100,31.610,30.680,31.400,6393900.000,31.820,31.100,31.190,-0.720,-2.26,06/03/2017 
31.820,32.290,31.360,31.890,6887300.000,31.460,31.760,31.820,0.360,1.14,03/03/2017 
31.460,33.600,31.350,33.300,6860100.000,33.170,31.450,31.460,-1.710,-5.16,02/03/2017 
33.170,33.380,32.850,33.050,3262200.000,32.720,33.160,33.170,0.450,1.38,01/03/2017 
32.720,33.910,32.000,32.150,9984400.000,33.170,32.720,32.750,-0.450,-1.36,24/02/2017 
33.170,35.250,32.800,35.190,12566100.000,34.690,33.160,33.170,-1.520,-4.38,23/02/2017 
34.690,35.330,34.030,35.330,6845300.000,35.540,34.670,34.690,-0.850,-2.39,22/02/2017 
35.540,37.280,35.280,36.840,6307900.000,36.430,35.530,35.540,-0.890,-2.44,21/02/2017 
36.430,36.560,35.780,35.890,6047300.000,34.070,36.390,36.430,2.360,6.93,20/02/2017 
34.070,34.300,33.390,33.610,5909200.000,33.770,34.070,34.110,0.300,0.89,17/02/2017 
33.770,34.440,33.620,33.780,5231900.000,33.820,33.750,33.770,-0.050,-0.15,16/02/2017 
33.820,34.750,33.690,34.700,6626600.000,34.400,33.760,33.820,-0.580,-1.69,15/02/2017 
34.400,35.560,34.030,35.530,4651000.000,35.810,34.400,34.600,-1.410,-3.94,14/02/2017 
35.810,35.850,34.020,34.210,11344600.000,32.800,35.780,35.810,3.010,9.18,13/02/2017 
32.800,32.800,32.100,32.160,5036400.000,31.080,32.790,32.800,1.720,5.53,10/02/2017 
31.080,31.350,30.260,30.520,4011900.000,30.590,31.080,31.100,0.490,1.60,09/02/2017 
30.590,30.820,30.040,30.790,3867100.000,30.240,30.470,30.590,0.350,1.16,08/02/2017 
30.240,31.330,30.080,30.640,4297100.000,29.920,30.200,30.240,0.320,1.07,07/02/2017 
29.920,30.770,29.870,30.660,3554600.000,30.610,29.920,29.940,-0.690,-2.25,06/02/2017 
30.610,32.000,30.390,32.000,6833500.000,32.660,30.600,30.620,-2.050,-6.28,03/02/2017 
32.660,33.440,32.410,32.410,4024400.000,32.890,32.640,32.660,-0.230,-0.70,02/02/2017 
32.890,33.510,32.680,32.700,5928500.000,32.180,32.880,32.890,0.710,2.21,01/02/2017 
32.180,32.950,32.110,32.700,4067300.000,32.250,32.180,32.210,-0.070,-0.22,31/01/2017 
32.250,33.490,32.140,33.220,3136800.000,33.700,32.210,32.250,-1.450,-4.30,30/01/2017 
33.700,34.200,33.410,33.480,3244000.000,33.600,33.700,33.720,0.100,0.30,27/01/2017 
33.600,34.630,33.600,34.420,5274700.000,34.130,33.600,33.630,-0.530,-1.55,26/01/2017 
34.130,34.720,33.270,34.070,5373900.000,33.310,34.070,34.140,0.820,2.46,24/01/2017 
33.310,33.480,32.190,32.210,4369600.000,32.100,33.280,33.310,1.210,3.77,23/01/2017 
32.100,32.430,30.950,30.990,6309700.000,31.470,32.100,32.220,0.630,2.00,20/01/2017 
31.470,32.020,31.030,32.000,5303100.000,32.110,31.460,31.470,-0.640,-1.99,19/01/2017 
32.110,32.690,30.350,30.350,14846300.000,30.570,32.100,32.110,1.540,5.04,18/01/2017 
30.570,31.300,30.490,31.230,5968500.000,31.820,30.570,30.640,-1.250,-3.93,17/01/2017 
31.820,32.110,31.200,31.200,2018500.000,30.990,31.820,31.830,0.830,2.68,16/01/2017 
30.990,31.200,29.700,29.890,4424800.000,30.070,30.990,31.030,0.920,3.06,13/01/2017 
30.070,30.420,29.710,30.080,5500500.000,29.130,30.070,30.090,0.940,3.23,12/01/2017 
29.130,29.190,28.330,28.810,3499900.000,28.540,29.130,29.140,0.590,2.07,11/01/2017 
28.540,28.540,27.420,27.420,3606500.000,26.500,28.500,28.540,2.040,7.70,10/01/2017 
26.500,26.850,26.270,26.300,3407800.000,25.970,26.500,26.670,0.530,2.04,09/01/2017 
25.970,26.590,25.860,26.290,4213500.000,26.680,25.930,25.970,-0.710,-2.66,06/01/2017 
26.680,26.900,25.780,25.980,4031600.000,25.700,26.680,26.690,0.980,3.81,05/01/2017 
25.700,26.230,25.360,26.060,2144400.000,26.170,25.700,25.710,-0.470,-1.80,04/01/2017 
26.170,26.170,25.400,25.510,5658500.000,25.060,26.030,26.170,1.110,4.43,03/01/2017 
25.060,25.490,25.050,25.280,1118500.000,25.680,25.060,25.130,-0.620,-2.41,02/01/2017 
25.680,26.850,25.500,26.680,4778000.000,26.680,25.680,25.690,-1.000,-3.75,29/12/2016 
26.680,26.920,26.210,26.210,6264000.000,25.860,26.680,26.750,0.820,3.17,28/12/2016 
25.860,26.390,25.830,26.230,1967300.000,25.990,25.860,25.920,-0.130,-0.50,27/12/2016 
25.990,26.070,25.140,25.330,854600.000,25.190,25.990,26.030,0.800,3.18,26/12/2016 
25.190,25.720,25.180,25.460,4234100.000,25.380,25.190,25.250,-0.190,-0.75,23/12/2016 
25.380,26.030,25.210,25.900,3926800.000,26.480,25.360,25.380,-1.100,-4.15,22/12/2016 
26.480,26.940,26.220,26.710,3690600.000,26.580,26.480,26.490,-0.100,-0.38,21/12/2016 
26.580,26.640,25.920,26.210,4565700.000,26.050,26.570,26.580,0.530,2.03,20/12/2016 
26.050,27.940,25.990,27.700,6369800.000,27.750,26.050,26.100,-1.700,-6.13,19/12/2016 
27.750,28.590,27.750,28.280,6343900.000,28.230,27.750,27.830,-0.480,-1.70,16/12/2016 
28.230,28.630,27.340,27.800,5288200.000,27.880,28.230,28.300,0.350,1.26,15/12/2016 
27.880,28.670,27.500,28.150,7732900.000,28.330,27.880,28.000,-0.450,-1.59,14/12/2016 
28.330,29.510,28.060,28.820,6229000.000,29.490,28.310,28.330,-1.160,-3.93,13/12/2016 
29.610,30.400,29.460,30.280,5973500.000,30.130,29.610,29.690,-0.520,-1.73,09/12/2016 
30.130,31.650,30.000,30.120,5145300.000,31.030,30.030,30.130,-0.900,-2.90,08/12/2016 
31.030,31.480,30.430,30.880,6300800.000,30.000,31.030,31.100,1.030,3.43,07/12/2016 
30.000,30.000,29.130,29.320,4878800.000,29.600,29.800,30.000,0.400,1.35,06/12/2016 
29.600,30.150,29.210,29.770,4397400.000,29.490,29.600,29.730,0.110,0.37,05/12/2016 
29.490,29.490,27.450,27.810,9537100.000,28.470,29.430,29.490,1.170,4.13,02/12/2016 
28.470,30.250,27.910,29.070,11799200.000,28.060,28.470,28.520,0.410,1.46,01/12/2016 
28.060,29.550,27.920,28.980,14907900.000,29.180,28.060,28.750,-1.120,-3.84,30/11/2016 
29.180,30.450,28.860,30.430,9459400.000,31.010,29.150,29.180,-1.830,-5.90,29/11/2016 
31.010,31.010,28.590,29.000,8817900.000,28.900,31.000,31.020,2.110,7.30,28/11/2016 
28.900,28.900,27.510,27.530,6218900.000,27.590,28.810,28.900,1.310,4.75,25/11/2016 
27.590,28.530,27.590,28.290,2690500.000,28.170,27.590,27.670,-0.580,-2.06,24/11/2016 
28.170,28.370,27.340,27.750,6486000.000,27.770,28.140,28.190,0.400,1.44,23/11/2016 
27.770,27.880,26.900,27.070,7431700.000,25.830,27.730,27.770,1.940,7.51,22/11/2016 
25.830,25.900,24.650,24.750,6291900.000,24.570,25.830,25.850,1.260,5.13,21/11/2016 
24.570,24.870,23.720,24.600,6893800.000,24.740,24.570,24.610,-0.170,-0.69,18/11/2016 
24.740,25.600,24.740,25.490,8337800.000,25.150,24.740,24.890,-0.410,-1.63,17/11/2016 
25.150,25.320,24.170,25.090,7501900.000,26.460,25.070,25.150,-1.310,-4.95,16/11/2016 
26.460,26.740,25.560,25.820,7093100.000,25.980,26.460,26.480,0.480,1.85,14/11/2016 
25.980,28.010,25.800,27.690,15173900.000,26.870,25.890,25.980,-0.890,-3.31,11/11/2016 
26.870,27.410,25.800,25.960,10367700.000,25.000,26.860,26.870,1.870,7.48,10/11/2016 
25.000,25.890,23.320,23.600,13530400.000,23.970,25.000,25.100,1.030,4.30,09/11/2016 
23.970,24.300,22.980,23.010,4850600.000,23.130,23.930,23.970,0.840,3.63,08/11/2016 
23.130,23.210,22.200,22.390,5148700.000,21.610,23.130,23.200,1.520,7.03,07/11/2016 
21.610,22.120,21.440,21.810,7433500.000,21.960,21.610,21.630,-0.350,-1.59,04/11/2016 
21.960,22.660,21.880,22.050,8953400.000,22.300,21.900,21.960,-0.340,-1.52,03/11/2016 
22.300,22.650,21.570,22.370,7503800.000,22.080,22.230,22.300,0.220,1.00,01/11/2016 
22.080,22.340,21.660,22.150,6545600.000,22.140,22.070,22.080,-0.060,-0.27,31/10/2016 
22.140,22.470,21.830,21.850,9967500.000,22.000,22.050,22.140,0.140,0.64,28/10/2016 
22.000,22.310,21.660,22.100,10148800.000,21.770,21.990,22.000,0.230,1.06,27/10/2016 
21.770,21.860,20.820,21.100,10290600.000,21.350,21.770,21.800,0.420,1.97,26/10/2016 
21.350,21.350,20.620,20.830,11607500.000,20.300,21.300,21.350,1.050,5.17,25/10/2016 
20.300,20.610,20.020,20.300,7251300.000,19.910,20.300,20.350,0.390,1.96,24/10/2016 
19.910,20.200,18.880,19.150,16069400.000,19.100,19.900,19.910,0.810,4.24,21/10/2016 
19.100,19.170,18.650,18.670,9474800.000,18.620,19.100,19.110,0.480,2.58,20/10/2016 
18.620,18.920,18.510,18.760,4573100.000,18.770,18.620,18.690,-0.150,-0.80,19/10/2016 
18.770,18.880,18.340,18.500,9580800.000,18.240,18.720,18.770,0.530,2.91,18/10/2016 
18.240,18.450,17.980,18.090,5163600.000,18.020,18.210,18.240,0.220,1.22,17/10/2016 
18.020,18.330,17.970,18.100,6778500.000,17.750,18.010,18.020,0.270,1.52,14/10/2016 
17.750,18.250,17.700,18.250,18403100.000,18.600,17.750,17.760,-0.850,-4.57,13/10/2016 
18.600,19.100,18.400,18.880,9724100.000,19.050,18.590,18.600,-0.450,-2.36,11/10/2016 
19.050,19.090,18.160,18.240,8869200.000,18.000,19.000,19.050,1.050,5.83,10/10/2016 
18.000,18.280,17.720,17.970,10035600.000,17.800,18.000,18.020,0.200,1.12,07/10/2016 
17.800,17.950,17.700,17.840,4175600.000,17.860,17.770,17.800,-0.060,-0.34,06/10/2016 
17.860,18.010,17.710,17.880,3206900.000,17.650,17.800,17.860,0.210,1.19,05/10/2016 
17.650,18.300,17.560,18.200,5313300.000,18.100,17.650,17.660,-0.450,-2.49,04/10/2016 
18.100,18.270,17.750,17.850,3674400.000,17.810,18.100,18.200,0.290,1.63,03/10/2016 
17.810,18.080,17.660,18.020,4517200.000,17.990,17.810,17.830,-0.180,-1.00,30/09/2016 
17.990,18.420,17.870,18.210,4370300.000,18.190,17.980,17.990,-0.200,-1.10,29/09/2016 
18.190,18.220,17.650,17.680,4911700.000,17.600,18.190,18.200,0.590,3.35,28/09/2016 
17.600,17.630,17.100,17.350,3165000.000,17.440,17.500,17.600,0.160,0.92,27/09/2016 
17.440,17.680,17.380,17.390,2328100.000,17.650,17.430,17.440,-0.210,-1.19,26/09/2016 
17.650,17.840,17.310,17.470,4752400.000,17.550,17.600,17.650,0.100,0.57,23/09/2016 
17.550,17.960,17.320,17.860,5344400.000,17.650,17.470,17.550,-0.100,-0.57,22/09/2016 
17.650,17.650,17.100,17.210,7602900.000,16.700,17.600,17.650,0.950,5.69,21/09/2016 
16.700,16.800,16.380,16.720,3347000.000,16.660,16.650,16.700,0.040,0.24,20/09/2016 
16.660,16.920,16.490,16.750,3275600.000,16.410,16.650,16.660,0.250,1.52,19/09/2016 
16.410,16.600,16.220,16.580,5275000.000,16.640,16.400,16.410,-0.230,-1.38,16/09/2016 
16.640,17.000,16.450,16.780,2237800.000,16.640,16.630,16.640,0.000,0.00,15/09/2016 
16.640,16.860,16.360,16.500,3636800.000,16.270,16.640,16.700,0.370,2.27,14/09/2016 
16.270,17.140,16.160,17.080,8040500.000,17.490,16.270,16.300,-1.220,-6.98,13/09/2016 
17.490,17.550,16.580,16.840,7151900.000,16.860,17.460,17.490,0.630,3.74,12/09/2016 
16.860,17.710,16.860,17.660,5754200.000,17.790,16.860,16.940,-0.930,-5.23,09/09/2016 
17.790,18.170,17.660,18.010,8029800.000,18.270,17.790,17.800,-0.480,-2.63,08/09/2016 
18.270,18.320,17.690,17.990,5128100.000,17.900,18.200,18.270,0.370,2.07,06/09/2016 
17.900,18.390,17.850,18.390,2501900.000,18.240,17.900,17.960,-0.340,-1.86,05/09/2016 
18.240,18.370,17.650,17.700,6863400.000,17.440,18.230,18.240,0.800,4.59,02/09/2016 
17.440,17.530,17.020,17.050,5299600.000,16.940,17.440,17.460,0.500,2.95,01/09/2016 
16.940,17.700,16.840,17.650,9378900.000,17.650,16.940,16.970,-0.710,-4.02,31/08/2016 
17.650,18.190,17.610,18.110,3482300.000,18.100,17.650,17.700,-0.450,-2.49,30/08/2016 
18.100,18.300,17.750,17.850,4511200.000,17.710,18.100,18.110,0.390,2.20,29/08/2016 
17.710,18.600,17.550,18.310,5960600.000,18.180,17.700,17.710,-0.470,-2.59,26/08/2016 
18.180,18.540,18.090,18.200,7033400.000,18.150,18.180,18.220,0.030,0.17,25/08/2016 
18.150,18.800,18.020,18.600,6921900.000,18.750,18.100,18.150,-0.600,-3.20,24/08/2016 
18.750,19.200,18.700,18.750,5826600.000,18.380,18.750,18.810,0.370,2.01,23/08/2016 
18.380,18.940,18.280,18.940,4819400.000,19.080,18.380,18.450,-0.700,-3.67,22/08/2016 
19.080,19.290,18.680,18.900,4209100.000,18.920,19.000,19.080,0.160,0.85,19/08/2016 
18.920,19.340,18.670,19.140,4059100.000,19.120,18.920,19.000,-0.200,-1.05,18/08/2016 
19.120,19.180,18.420,18.800,5327400.000,18.980,19.100,19.120,0.140,0.74,17/08/2016 
18.980,19.250,18.550,18.580,5071200.000,18.430,18.970,18.980,0.550,2.98,16/08/2016 
18.430,18.490,18.010,18.080,3694600.000,17.960,18.430,18.480,0.470,2.62,15/08/2016 
17.960,18.380,17.770,18.340,5897400.000,18.410,17.960,17.970,-0.450,-2.44,12/08/2016 
18.410,18.440,17.900,18.150,6113100.000,18.090,18.400,18.410,0.320,1.77,11/08/2016 
18.090,19.220,18.090,19.190,9242800.000,18.990,18.090,18.180,-0.900,-4.74,10/08/2016 
18.990,19.390,18.910,19.050,5245300.000,18.980,18.990,19.100,0.010,0.05,09/08/2016 
18.980,19.380,18.760,19.050,3464700.000,18.970,18.920,18.980,0.010,0.05,08/08/2016 
18.970,19.220,18.730,19.110,4211800.000,18.760,18.970,19.000,0.210,1.12,05/08/2016 
18.760,19.090,18.370,18.580,6882600.000,18.820,18.760,18.800,-0.060,-0.32,04/08/2016 
18.820,18.920,17.650,17.910,7525500.000,17.990,18.730,18.820,0.830,4.61,03/08/2016 
17.990,18.480,17.650,18.010,4144400.000,17.900,17.980,17.990,0.090,0.50,02/08/2016 
17.900,19.080,17.900,18.800,6632500.000,18.500,17.900,17.910,-0.600,-3.24,01/08/2016 
18.500,18.900,18.110,18.900,7539600.000,19.040,18.500,18.560,-0.540,-2.84,29/07/2016 
19.040,19.200,18.380,19.060,9007200.000,18.920,19.040,19.050,0.120,0.63,28/07/2016 
18.920,19.090,18.600,18.600,5252700.000,18.420,18.800,18.920,0.500,2.71,27/07/2016 
18.420,18.600,17.390,17.460,9235200.000,17.420,18.420,18.460,1.000,5.74,26/07/2016 
17.420,17.450,16.940,17.340,5158900.000,17.150,17.360,17.420,0.270,1.57,25/07/2016 
17.150,17.360,16.750,17.280,4490900.000,17.400,17.080,17.150,-0.250,-1.44,22/07/2016 
17.400,17.540,16.840,16.890,7498400.000,16.510,17.320,17.400,0.890,5.39,21/07/2016 
16.510,17.030,16.400,16.830,7392300.000,16.840,16.500,16.510,-0.330,-1.96,20/07/2016 
16.840,17.330,16.510,17.240,8184900.000,17.580,16.830,16.840,-0.740,-4.21,19/07/2016 
17.580,17.600,17.030,17.350,4327600.000,17.340,17.570,17.580,0.240,1.38,18/07/2016 
17.340,17.670,17.130,17.360,3793400.000,17.350,17.340,17.400,-0.010,-0.06,15/07/2016 
17.350,18.100,17.050,18.100,8929700.000,17.820,17.330,17.360,-0.470,-2.64,14/07/2016 
17.820,17.920,17.070,17.750,6512800.000,17.690,17.810,17.820,0.130,0.73,13/07/2016 
17.690,17.920,17.370,17.440,9430000.000,16.860,17.660,17.690,0.830,4.92,12/07/2016 
16.860,16.950,16.470,16.550,4772400.000,16.190,16.860,16.890,0.670,4.14,11/07/2016 
16.190,16.650,16.120,16.260,3888500.000,16.020,16.190,16.220,0.170,1.06,08/07/2016 
16.020,16.740,15.730,16.350,5596000.000,16.290,16.000,16.020,-0.270,-1.66,07/07/2016 
16.290,16.330,15.510,15.840,4106900.000,16.060,16.230,16.290,0.230,1.43,06/07/2016 
16.060,17.030,15.940,16.610,5500000.000,16.970,16.060,16.080,-0.910,-5.36,05/07/2016 
16.970,17.150,16.860,16.860,1566900.000,16.620,16.970,17.000,0.350,2.11,04/07/2016 
16.620,16.820,15.960,16.310,5212600.000,16.270,16.620,16.680,0.350,2.15,01/07/2016 
16.270,16.340,15.720,15.890,6935200.000,15.710,16.250,16.270,0.560,3.56,30/06/2016 
15.710,16.040,15.650,15.880,4862100.000,15.460,15.710,15.770,0.250,1.62,29/06/2016 
15.460,15.690,15.170,15.200,5291900.000,14.800,15.460,15.500,0.660,4.46,28/06/2016 
14.800,15.450,14.610,15.310,5211600.000,15.210,14.800,14.830,-0.410,-2.70,27/06/2016 
15.210,15.830,15.100,15.480,8437800.000,16.590,15.200,15.210,-1.380,-8.32,24/06/2016 
16.590,16.640,15.950,16.260,4074900.000,15.850,16.550,16.590,0.740,4.67,23/06/2016 
15.850,16.240,15.800,15.810,4866900.000,15.600,15.850,15.900,0.250,1.60,22/06/2016 
15.600,15.670,15.110,15.620,3914900.000,15.570,15.590,15.600,0.030,0.19,21/06/2016 
15.570,16.000,15.510,15.770,4169100.000,15.280,15.520,15.570,0.290,1.90,20/06/2016 
15.280,15.930,15.080,15.640,8578000.000,15.230,15.160,15.280,0.050,0.33,17/06/2016 
15.230,15.400,14.640,14.790,6322600.000,15.000,15.120,15.230,0.230,1.53,16/06/2016 
15.000,15.510,14.760,14.800,9533500.000,14.630,14.940,15.000,0.370,2.53,15/06/2016 
14.630,15.390,14.420,15.110,7422100.000,15.200,14.620,14.630,-0.570,-3.75,14/06/2016 
15.200,15.490,14.500,14.660,6370700.000,14.950,15.200,15.230,0.250,1.67,13/06/2016 
14.950,15.320,14.820,15.140,5897800.000,15.700,14.940,14.950,-0.750,-4.78,10/06/2016 
15.700,16.800,15.490,16.800,11393100.000,17.000,15.700,15.720,-1.300,-7.65,09/06/2016 
17.000,17.160,16.580,16.780,6014400.000,16.570,16.960,17.000,0.430,2.60,08/06/2016 
16.570,17.350,16.480,16.840,5563500.000,16.890,16.570,16.610,-0.320,-1.89,07/06/2016 
16.890,16.930,16.250,16.610,6318700.000,16.240,16.890,16.900,0.650,4.00,06/06/2016 
16.240,16.320,15.110,15.260,7053400.000,14.950,16.210,16.240,1.290,8.63,03/06/2016 
14.950,14.950,14.210,14.370,4863000.000,14.430,14.850,14.950,0.520,3.60,02/06/2016 
14.430,14.500,13.800,14.090,4897500.000,14.220,14.420,14.430,0.210,1.48,01/06/2016 
14.220,14.930,13.940,14.070,10874600.000,14.280,14.220,14.280,-0.060,-0.42,31/05/2016 
14.280,14.470,14.120,14.390,1066600.000,14.290,14.270,14.280,-0.010,-0.07,30/05/2016 
14.290,14.910,14.290,14.700,4057000.000,14.620,14.280,14.290,-0.330,-2.26,27/05/2016 
14.620,14.720,13.990,14.100,11063500.000,14.020,14.620,14.640,0.600,4.28,25/05/2016 
14.020,14.790,13.950,14.610,6027800.000,14.440,14.020,14.050,-0.420,-2.91,24/05/2016 
14.440,14.680,13.660,13.660,6825700.000,14.130,14.420,14.440,0.310,2.19,23/05/2016 
14.130,15.390,13.950,15.250,6988500.000,14.890,14.130,14.150,-0.760,-5.10,20/05/2016 
14.890,14.920,14.070,14.340,8842200.000,14.710,14.850,14.890,0.180,1.22,19/05/2016 
14.710,15.310,14.690,14.820,6582600.000,15.130,14.700,14.710,-0.420,-2.78,18/05/2016 
15.130,15.740,14.610,15.180,8596400.000,14.930,15.130,15.240,0.200,1.34,17/05/2016 
14.930,15.660,14.600,14.600,5934400.000,14.680,14.760,14.930,0.250,1.70,16/05/2016 
14.680,15.880,14.600,15.410,10407500.000,15.440,14.680,14.740,-0.760,-4.92,13/05/2016 
15.440,16.250,15.220,16.060,4627400.000,15.940,15.440,15.510,-0.500,-3.14,12/05/2016 
15.940,16.450,15.580,16.230,6653200.000,15.870,15.940,15.990,0.070,0.44,11/05/2016 
15.870,15.960,15.130,15.600,7976700.000,15.230,15.840,15.870,0.640,4.20,10/05/2016 
15.230,16.340,15.050,16.100,12502600.000,16.880,15.230,15.250,-1.650,-9.77,09/05/2016 
16.880,17.430,16.170,16.370,10337900.000,16.660,16.880,16.900,0.220,1.32,06/05/2016 
16.660,17.830,16.300,17.800,12063100.000,17.400,16.660,16.680,-0.740,-4.25,05/05/2016 
17.400,18.170,17.200,17.600,11885400.000,18.660,17.390,17.400,-1.260,-6.75,04/05/2016 
18.660,19.400,18.460,19.140,7247100.000,19.870,18.650,18.660,-1.210,-6.09,03/05/2016 
19.870,20.310,19.100,20.140,5886000.000,19.690,19.840,19.870,0.180,0.91,02/05/2016 
19.690,20.930,19.690,20.260,12302400.000,19.790,19.690,19.750,-0.100,-0.51,29/04/2016 
19.790,20.880,19.450,20.470,11614100.000,19.450,19.760,19.790,0.340,1.75,28/04/2016 
19.450,19.630,18.180,18.710,15683400.000,18.690,19.420,19.450,0.760,4.07,27/04/2016 
18.690,19.010,17.350,18.120,16005300.000,18.060,18.690,18.700,0.630,3.49,26/04/2016 
18.060,19.200,18.020,19.200,13922800.000,19.330,18.060,18.100,-1.270,-6.57,25/04/2016 
19.330,20.570,19.190,20.010,15505800.000,21.760,19.330,19.390,-2.430,-11.17,22/04/2016 
21.760,22.190,20.530,20.570,12471400.000,20.460,21.650,21.760,1.300,6.35,20/04/2016 
20.460,20.910,19.620,19.750,6948300.000,19.050,20.460,20.500,1.410,7.40,19/04/2016 
19.050,19.470,18.560,18.700,6643600.000,18.600,19.010,19.050,0.450,2.42,18/04/2016 
18.600,18.950,17.760,18.400,7250400.000,18.200,18.600,18.620,0.400,2.20,15/04/2016 
18.200,20.040,18.020,19.910,8690800.000,19.570,18.190,18.200,-1.370,-7.00,14/04/2016 
19.570,20.590,19.300,19.760,12925000.000,18.740,19.570,19.770,0.830,4.43,13/04/2016 
18.740,19.100,17.380,17.500,8875000.000,16.970,18.740,18.770,1.770,10.43,12/04/2016 
16.970,17.340,16.450,16.460,9942000.000,16.240,16.960,16.970,0.730,4.50,11/04/2016 
16.240,16.340,15.360,15.500,6363200.000,15.010,16.150,16.240,1.230,8.19,08/04/2016 
15.010,15.470,14.850,15.420,4700200.000,15.070,14.990,15.010,-0.060,-0.40,07/04/2016 
15.070,15.490,14.910,15.080,6265000.000,15.290,15.040,15.070,-0.220,-1.44,06/04/2016 
15.290,15.520,14.460,14.500,5381700.000,14.790,15.270,15.310,0.500,3.38,05/04/2016 
14.790,15.910,14.750,15.610,6283400.000,15.510,14.790,14.840,-0.720,-4.64,04/04/2016 
15.510,15.920,14.650,14.890,7251700.000,15.150,15.510,15.550,0.360,2.38,01/04/2016 
15.150,15.560,14.850,15.200,8309600.000,15.540,15.130,15.160,-0.390,-2.51,31/03/2016 
15.540,16.360,15.320,15.380,8509600.000,15.090,15.510,15.540,0.450,2.98,30/03/2016 
15.090,15.400,14.440,15.100,7935500.000,15.170,15.050,15.090,-0.080,-0.53,29/03/2016 
15.170,15.720,14.780,15.720,6656400.000,15.050,15.170,15.230,0.120,0.80,28/03/2016 
15.050,15.210,13.680,13.990,7881400.000,14.120,15.050,15.120,0.930,6.59,24/03/2016 
14.120,15.370,14.050,15.290,8206000.000,15.430,14.120,14.150,-1.310,-8.49,23/03/2016 
15.430,15.600,14.950,14.990,6189800.000,15.150,15.420,15.430,0.280,1.85,22/03/2016 
15.150,15.880,14.870,15.490,7903300.000,15.330,15.150,15.200,-0.180,-1.17,21/03/2016 
15.330,16.100,14.940,15.890,14104200.000,15.500,15.170,15.330,-0.170,-1.10,18/03/2016 
15.500,16.010,14.780,15.620,13691200.000,14.820,15.490,15.500,0.680,4.59,17/03/2016 
14.820,14.870,13.410,13.520,10124800.000,13.480,14.790,14.820,1.340,9.94,16/03/2016 
13.480,13.510,12.810,12.990,9670100.000,13.440,13.370,13.480,0.040,0.30,15/03/2016 
13.440,14.150,13.280,13.900,8796800.000,13.870,13.440,13.500,-0.430,-3.10,14/03/2016 
13.870,14.650,13.740,14.070,11250900.000,14.000,13.860,13.870,-0.130,-0.93,11/03/2016 
14.000,15.000,13.280,15.000,11073200.000,14.500,13.990,14.000,-0.500,-3.45,10/03/2016 
14.500,15.530,14.040,15.330,11891900.000,15.030,14.500,14.550,-0.530,-3.53,09/03/2016 
15.030,17.090,15.030,16.810,17884700.000,17.580,15.030,15.100,-2.550,-14.51,08/03/2016 
17.580,18.600,16.680,17.750,20198100.000,16.550,17.580,17.640,1.030,6.22,07/03/2016 
16.550,18.330,16.030,16.920,27180100.000,15.620,16.550,16.700,0.930,5.95,04/03/2016 
15.620,16.090,13.920,14.480,17302900.000,14.220,15.620,15.680,1.400,9.85,03/03/2016 
14.220,14.220,12.740,12.810,15826600.000,12.810,14.110,14.220,1.410,11.01,02/03/2016 
12.810,12.960,12.140,12.200,14126700.000,11.810,12.810,12.850,1.000,8.47,01/03/2016 
11.810,12.020,11.190,11.230,12513200.000,11.000,11.810,11.870,0.810,7.36,29/02/2016 
11.000,11.540,10.890,11.390,5763400.000,11.020,10.960,11.000,-0.020,-0.18,26/02/2016 
11.020,11.620,10.910,11.170,7333900.000,11.710,11.020,11.090,-0.690,-5.89,25/02/2016 
11.710,11.950,11.490,11.770,8510200.000,12.380,11.710,11.950,-0.670,-5.41,24/02/2016 
12.380,13.440,12.320,12.980,9977100.000,13.140,12.380,12.420,-0.760,-5.78,23/02/2016 
13.140,13.170,12.430,12.500,12431000.000,11.830,13.100,13.140,1.310,11.07,22/02/2016 
11.830,12.110,11.370,11.410,7540200.000,11.510,11.830,11.920,0.320,2.78,19/02/2016 
11.510,12.170,11.490,11.920,9470200.000,11.910,11.510,11.590,-0.400,-3.36,18/02/2016 
11.910,12.700,11.510,11.690,12741500.000,11.290,11.910,11.980,0.620,5.49,17/02/2016 
11.290,11.380,10.520,10.520,7412800.000,10.510,11.290,11.350,0.780,7.42,16/02/2016 
10.510,10.800,10.510,10.680,2218500.000,10.250,10.510,10.790,0.260,2.54,15/02/2016 
10.250,10.470,10.050,10.050,5711100.000,9.870,10.250,10.300,0.380,3.85,12/02/2016 
9.870,10.060,9.610,9.950,6646600.000,10.200,9.870,9.950,-0.330,-3.24,11/02/2016 
10.200,10.420,9.850,10.000,4466400.000,10.230,10.200,10.290,-0.030,-0.29,10/02/2016 
10.230,10.790,10.130,10.290,9259100.000,10.340,10.230,10.250,-0.110,-1.06,05/02/2016 
10.340,10.600,9.360,9.580,14082200.000,9.010,10.340,10.350,1.330,14.76,04/02/2016 
9.010,9.180,8.700,8.750,6300800.000,8.600,9.000,9.060,0.410,4.77,03/02/2016 
8.600,9.310,8.600,9.190,5860700.000,9.500,8.600,8.680,-0.900,-9.47,02/02/2016 
9.500,9.740,9.350,9.630,6691400.000,9.720,9.500,9.570,-0.220,-2.26,01/02/2016 
9.720,9.820,9.040,9.320,13958500.000,9.330,9.710,9.790,0.390,4.18,29/01/2016 
9.330,9.910,9.190,9.410,8628400.000,9.410,9.330,9.350,-0.080,-0.85,28/01/2016 
9.410,9.630,8.860,8.950,7978500.000,8.950,9.410,9.450,0.460,5.14,27/01/2016 
8.950,9.060,8.630,8.790,7220500.000,9.030,8.950,8.990,-0.080,-0.89,26/01/2016 
9.030,9.750,8.980,9.450,14684700.000,9.140,9.030,9.140,-0.110,-1.20,22/01/2016 
9.140,9.800,9.140,9.210,10638200.000,9.210,9.140,9.260,-0.070,-0.76,21/01/2016 
9.210,9.310,8.710,8.970,10928000.000,9.180,9.210,9.250,0.030,0.33,20/01/2016 
9.180,9.620,9.180,9.510,10965000.000,8.890,9.160,9.200,0.290,3.26,19/01/2016 
8.890,9.710,8.890,9.310,3477600.000,9.370,8.890,8.900,-0.480,-5.12,18/01/2016 
9.370,9.510,8.990,9.170,13283400.000,9.650,9.370,9.380,-0.280,-2.90,15/01/2016 
9.650,9.730,8.940,9.150,11080500.000,9.000,9.640,9.650,0.650,7.22,14/01/2016 
9.000,9.850,8.800,9.610,9208300.000,9.410,9.000,9.070,-0.410,-4.36,13/01/2016 
9.410,10.460,9.380,10.460,7581600.000,10.240,9.410,9.450,-0.830,-8.11,12/01/2016 
10.240,10.760,10.140,10.500,5658100.000,10.540,10.230,10.170,-0.300,-2.85,11/01/2016 
10.540,11.250,10.540,11.070,4429400.000,10.910,10.540,10.570,-0.370,-3.39,08/01/2016 
10.910,11.370,10.880,11.260,6450400.000,11.600,10.910,10.960,-0.690,-5.95,07/01/2016 
11.600,12.110,11.590,12.080,6758900.000,12.520,11.590,11.600,-0.920,-7.35,06/01/2016 
12.520,12.840,12.410,12.670,2693500.000,12.690,12.500,12.520,-0.170,-1.34,05/01/2016 
12.690,12.980,12.480,12.490,4587900.000,13.030,12.670,12.690,-0.340,-2.61,04/01/2016 
13.030,13.140,12.630,12.880,5226600.000,12.720,12.980,13.030,0.310,2.44,30/12/2015 
12.720,12.810,12.300,12.610,2890100.000,12.640,12.720,12.740,0.080,0.63,29/12/2015 
12.640,13.170,12.560,13.000,3095800.000,13.220,12.640,12.650,-0.580,-4.39,28/12/2015 
13.220,13.570,12.920,13.120,7174800.000,12.550,13.220,13.240,0.670,5.34,23/12/2015 
12.550,12.630,12.240,12.380,5677800.000,12.290,12.550,12.620,0.260,2.12,22/12/2015 
12.290,13.360,12.290,13.100,6942100.000,12.890,12.290,12.420,-0.600,-4.65,21/12/2015 
12.890,12.960,12.320,12.320,10929300.000,12.740,12.850,12.890,0.150,1.18,18/12/2015 
12.740,13.600,12.740,13.370,5762700.000,13.250,12.740,12.800,-0.510,-3.85,17/12/2015 
13.250,13.470,12.710,12.710,4431700.000,12.880,13.250,13.280,0.370,2.87,16/12/2015 
12.880,13.120,12.600,12.600,6827500.000,12.460,12.880,12.940,0.420,3.37,15/12/2015 
12.460,12.550,12.180,12.180,5684100.000,12.210,12.460,12.480,0.250,2.05,14/12/2015 
12.210,12.420,11.910,12.190,8380400.000,12.670,12.210,12.270,-0.460,-3.63,11/12/2015 
12.670,12.680,12.050,12.100,9892200.000,12.080,12.650,12.670,0.590,4.88,10/12/2015 
12.080,12.420,11.790,11.950,7280600.000,11.650,12.080,12.100,0.430,3.69,09/12/2015 
11.650,11.940,11.250,11.940,7855300.000,12.210,11.650,11.700,-0.560,-4.59,08/12/2015 
12.210,12.450,12.060,12.350,3111800.000,12.350,12.210,12.230,-0.140,-1.13,07/12/2015 
12.350,12.900,12.160,12.840,6353600.000,12.870,12.340,12.380,-0.520,-4.04,04/12/2015 
12.870,13.200,12.740,12.850,7183100.000,12.940,12.870,12.940,-0.070,-0.54,03/12/2015 
12.940,13.030,12.250,12.840,9799100.000,12.840,12.940,12.960,0.100,0.78,02/12/2015 
12.840,13.320,12.590,13.000,6827200.000,13.170,12.820,12.840,-0.330,-2.51,01/12/2015 
13.170,13.390,12.600,13.040,13580600.000,13.300,13.150,13.170,-0.130,-0.98,30/11/2015 
13.300,14.080,13.300,14.080,5924500.000,14.190,13.290,13.300,-0.890,-6.27,27/11/2015 
14.190,14.270,14.090,14.120,3803600.000,14.060,14.140,14.190,0.130,0.92,26/11/2015 
14.060,14.510,14.060,14.220,5037600.000,14.470,14.060,14.100,-0.410,-2.83,25/11/2015 
14.470,14.640,13.880,14.110,4588700.000,14.250,14.460,14.470,0.220,1.54,24/11/2015 
14.250,14.480,14.060,14.340,5727500.000,14.640,14.180,14.250,-0.390,-2.66,23/11/2015 
14.640,15.000,14.500,14.880,3996400.000,14.590,14.640,14.650,0.050,0.34,19/11/2015 
14.590,14.940,14.350,14.450,5947400.000,14.520,14.530,14.590,0.070,0.48,18/11/2015 
14.520,15.100,14.490,15.100,4559600.000,15.050,14.520,14.550,-0.530,-3.52,17/11/2015 
15.050,15.530,14.990,15.380,4938100.000,15.370,15.050,15.090,-0.320,-2.08,16/11/2015 
15.370,15.390,15.000,15.090,3774500.000,15.050,15.290,15.370,0.320,2.13,13/11/2015 
15.050,15.320,15.000,15.150,5638200.000,15.320,15.050,15.120,-0.270,-1.76,12/11/2015 
15.320,15.840,15.060,15.510,3974700.000,15.380,15.270,15.320,-0.060,-0.39,11/11/2015 
15.380,15.430,15.130,15.350,4443100.000,15.440,15.330,15.380,-0.060,-0.39,10/11/2015 
15.440,15.840,15.360,15.640,2976200.000,15.670,15.430,15.440,-0.230,-1.47,09/11/2015 
15.670,16.360,15.590,16.160,10019900.000,16.950,15.670,15.680,-1.280,-7.55,06/11/2015 
16.950,17.410,16.640,17.410,5530800.000,17.400,16.930,16.950,-0.450,-2.59,05/11/2015 
17.400,18.350,17.070,18.170,7170700.000,17.750,17.310,17.400,-0.350,-1.97,04/11/2015 
17.750,17.750,16.840,17.250,7944000.000,17.060,17.640,17.750,0.690,4.04,03/11/2015 
17.060,17.060,16.300,16.310,6120900.000,16.140,17.000,17.060,0.920,5.70,30/10/2015 
16.140,16.500,16.140,16.210,5875100.000,16.570,16.130,16.150,-0.430,-2.60,29/10/2015 
16.570,16.920,16.400,16.860,9459400.000,17.030,16.500,16.570,-0.460,-2.70,28/10/2015 
17.030,17.910,16.950,17.810,7463500.000,17.860,17.020,17.030,-0.830,-4.65,27/10/2015 
17.860,18.650,17.830,18.550,5032900.000,18.600,17.860,17.880,-0.740,-3.98,26/10/2015 
18.600,19.330,18.350,19.250,8337200.000,18.510,18.600,18.610,0.090,0.49,23/10/2015 
18.510,19.000,18.170,18.200,7223800.000,18.090,18.420,18.510,0.420,2.32,22/10/2015 
18.090,18.280,17.590,17.600,3689500.000,17.610,18.030,18.090,0.480,2.73,21/10/2015 
17.610,17.970,17.350,17.900,4101800.000,17.800,17.520,17.610,-0.190,-1.07,20/10/2015 
17.800,18.550,17.710,18.410,6627700.000,18.420,17.770,17.880,-0.620,-3.37,19/10/2015 
18.420,18.860,18.200,18.860,5286500.000,18.970,18.420,18.750,-0.170,-0.91,16/10/2015 
18.970,19.050,18.430,18.860,5299000.000,18.700,18.970,19.050,0.270,1.44,15/10/2015 
18.700,19.170,18.600,18.700,13340900.000,18.580,18.700,18.790,0.120,0.65,14/10/2015 
18.580,20.000,18.550,19.970,8791900.000,20.790,18.580,18.680,-2.210,-10.63,13/10/2015 
20.790,20.830,20.200,20.530,12004700.000,20.060,20.720,20.790,0.730,3.64,09/10/2015 
20.060,20.180,19.680,20.070,5874000.000,20.150,19.960,20.060,-0.090,-0.45,08/10/2015 
20.150,20.300,19.300,19.300,9643300.000,18.310,20.030,20.150,1.840,10.05,07/10/2015 
18.310,18.550,18.000,18.350,4547000.000,18.140,18.310,18.320,0.170,0.94,06/10/2015 
18.140,18.390,18.000,18.100,3560500.000,17.820,18.140,18.210,0.320,1.80,05/10/2015 
17.820,17.930,16.870,17.080,7094500.000,17.220,17.820,17.950,0.600,3.48,02/10/2015 
17.220,17.510,16.710,16.810,6025400.000,16.580,17.210,17.220,0.640,3.86,01/10/2015 
16.580,17.050,16.330,16.960,6656900.000,16.480,16.570,16.580,0.100,0.61,30/09/2015 
16.480,17.180,16.430,16.800,7689400.000,16.590,16.480,16.520,-0.110,-0.66,29/09/2015 
16.590,17.700,16.570,17.700,7550200.000,17.930,16.590,16.640,-1.340,-7.47,28/09/2015 
17.930,18.920,17.820,18.660,4415000.000,18.450,17.930,17.980,-0.520,-2.82,25/09/2015 
18.450,18.990,18.350,18.350,6058300.000,18.900,18.450,18.540,-0.450,-2.38,24/09/2015 
18.900,19.650,18.900,19.460,5322700.000,19.460,18.900,18.930,-0.560,-2.88,23/09/2015 
19.460,19.710,18.840,19.450,8150400.000,19.930,19.460,19.490,-0.470,-2.36,22/09/2015 
19.930,20.280,19.630,20.010,5204800.000,19.910,19.930,19.940,0.020,0.10,21/09/2015 
19.910,20.410,19.390,19.460,11201100.000,19.490,19.830,19.910,0.420,2.15,18/09/2015 
19.490,20.280,18.880,18.880,7176700.000,19.040,19.490,19.860,0.450,2.36,17/09/2015 
19.040,19.270,18.630,18.820,6510800.000,18.600,19.040,19.250,0.440,2.37,16/09/2015 
18.600,19.260,18.520,19.100,6052400.000,19.150,18.600,18.660,-0.550,-2.87,15/09/2015 
19.150,19.590,18.800,19.320,5681700.000,19.450,19.140,19.150,-0.300,-1.54,14/09/2015 
19.450,20.560,19.170,20.230,8178400.000,19.940,19.350,19.450,-0.490,-2.46,11/09/2015 
19.940,20.060,18.660,18.700,9651200.000,19.060,19.940,20.000,0.880,4.62,10/09/2015 
19.060,19.940,18.940,19.400,7710800.000,18.930,19.060,19.120,0.130,0.69,09/09/2015 
18.930,19.200,18.630,18.970,6503700.000,18.240,18.930,19.000,0.690,3.78,08/09/2015 
18.240,18.600,18.050,18.350,11929000.000,18.730,18.240,18.300,-0.490,-2.62,04/09/2015 
18.730,19.370,18.100,18.180,8803200.000,18.110,18.730,18.850,0.620,3.42,03/09/2015 
18.110,18.200,17.260,17.520,10593100.000,17.100,18.110,18.120,1.010,5.91,02/09/2015 
17.100,17.960,17.100,17.310,6385200.000,17.920,17.050,17.100,-0.820,-4.58,01/09/2015 
17.920,18.090,16.960,17.020,7681600.000,17.310,17.920,18.060,0.610,3.52,31/08/2015 
17.310,18.390,17.210,17.450,6207000.000,17.690,17.310,17.330,-0.380,-2.15,28/08/2015 
17.690,17.690,16.180,16.200,8352000.000,15.900,17.510,17.690,1.790,11.26,27/08/2015 
15.900,15.950,15.280,15.730,6596300.000,15.350,15.900,15.980,0.550,3.58,26/08/2015 
15.350,16.280,15.350,16.140,5986200.000,15.400,15.350,15.500,-0.050,-0.32,25/08/2015 
15.400,16.400,14.770,15.140,10704500.000,16.700,15.400,15.430,-1.300,-7.78,24/08/2015 
16.700,17.160,16.700,16.950,4976500.000,17.170,16.700,16.730,-0.470,-2.74,21/08/2015 
17.170,17.340,16.730,16.910,6094900.000,16.840,17.170,17.180,0.330,1.96,20/08/2015 
16.840,17.490,16.680,17.400,5190900.000,17.420,16.840,16.890,-0.580,-3.33,19/08/2015 
17.420,18.050,17.420,18.050,4392600.000,18.010,17.420,17.560,-0.590,-3.28,18/08/2015 
18.010,18.330,17.970,18.100,4277100.000,18.200,18.010,18.070,-0.190,-1.04,17/08/2015 
18.200,18.750,18.200,18.500,6519600.000,18.480,18.200,18.220,-0.280,-1.52,14/08/2015 
18.480,19.500,18.440,19.000,5992300.000,18.920,18.480,18.600,-0.440,-2.33,13/08/2015 
18.920,19.130,18.150,18.400,12435800.000,18.600,18.920,19.050,0.320,1.72,12/08/2015 
18.600,19.040,18.110,18.850,11477700.000,19.350,18.560,18.600,-0.750,-3.88,11/08/2015 
19.350,19.560,18.330,18.550,11625200.000,18.420,19.340,19.350,0.930,5.05,10/08/2015 
18.420,19.490,18.420,19.450,6610600.000,19.580,18.420,18.500,-1.160,-5.92,07/08/2015 
19.580,19.790,18.670,18.760,10316100.000,19.010,19.580,19.640,0.570,3.00,06/08/2015 
19.010,19.280,18.650,18.650,7720000.000,18.100,18.960,19.010,0.910,5.03,05/08/2015 
18.100,18.310,17.920,17.920,3889900.000,17.590,18.090,18.100,0.510,2.90,04/08/2015 
17.590,17.940,17.300,17.810,4242200.000,17.870,17.590,17.600,-0.280,-1.57,03/08/2015 
17.870,18.040,17.130,17.530,8483000.000,17.450,17.870,17.900,0.420,2.41,31/07/2015 
17.450,19.810,17.390,19.100,9972100.000,18.350,17.450,17.560,-0.900,-4.90,30/07/2015 
18.350,18.700,18.200,18.400,7373300.000,18.090,18.350,18.380,0.260,1.44,29/07/2015 
18.090,18.200,17.060,17.170,10641100.000,16.760,18.090,18.090,1.330,7.94,28/07/2015 
16.760,17.550,16.410,16.750,6222000.000,16.790,16.760,16.850,-0.030,-0.18,27/07/2015 
16.790,17.550,16.540,17.320,5613100.000,17.320,16.790,16.820,-0.530,-3.06,24/07/2015 
17.320,17.930,17.280,17.310,5866900.000,17.290,17.320,17.340,0.030,0.17,23/07/2015 
17.290,17.460,16.840,17.250,7793300.000,17.550,17.280,17.290,-0.260,-1.48,22/07/2015 
17.550,18.030,17.200,17.410,5797200.000,17.310,17.550,17.570,0.240,1.39,21/07/2015 
17.310,17.920,17.300,17.400,3472900.000,17.450,17.310,17.410,-0.140,-0.80,20/07/2015 
17.450,17.740,17.280,17.730,2919400.000,17.640,17.450,17.590,-0.190,-1.08,17/07/2015 
17.640,17.690,17.280,17.320,2865700.000,17.110,17.640,17.660,0.530,3.10,16/07/2015 
17.110,18.190,17.110,18.080,6433400.000,17.820,17.110,17.180,-0.710,-3.98,15/07/2015 
17.820,18.210,17.660,18.170,5262000.000,18.500,17.820,17.850,-0.680,-3.68,14/07/2015 
18.500,18.520,16.940,17.400,11100400.000,17.110,18.440,18.500,1.390,8.12,13/07/2015 
17.110,18.050,17.110,17.990,4806000.000,17.160,17.110,17.200,-0.050,-0.29,10/07/2015 
17.160,17.820,17.030,17.350,8284000.000,17.930,17.160,17.200,-0.770,-4.29,08/07/2015 
17.930,18.050,16.640,17.500,7940000.000,17.650,17.930,17.970,0.280,1.59,07/07/2015 
17.650,17.680,17.240,17.450,4653300.000,17.680,17.630,17.650,-0.030,-0.17,06/07/2015 
17.680,18.080,17.560,17.900,1942500.000,18.070,17.620,17.680,-0.390,-2.16,03/07/2015 
18.070,18.360,17.750,17.890,4250400.000,18.110,18.070,18.100,-0.040,-0.22,02/07/2015 
18.110,18.610,17.970,18.320,2429200.000,18.290,18.110,18.150,-0.180,-0.98,01/07/2015 
18.290,19.200,18.160,19.040,5346300.000,19.200,18.280,18.290,-0.910,-4.74,30/06/2015 
19.200,19.490,19.010,19.180,2879400.000,19.620,19.200,19.290,-0.420,-2.14,29/06/2015 
19.620,19.630,19.060,19.390,2998200.000,19.320,19.540,19.620,0.300,1.55,26/06/2015 
19.320,19.880,19.130,19.850,5093500.000,19.800,19.320,19.330,-0.480,-2.42,25/06/2015 
19.800,20.180,19.710,20.080,2860700.000,19.810,19.800,19.910,-0.010,-0.05,24/06/2015 
19.810,20.170,19.810,20.170,2855000.000,19.690,19.810,19.950,0.120,0.61,23/06/2015 
19.690,20.530,19.690,20.500,5100900.000,20.320,19.690,19.750,-0.630,-3.10,22/06/2015 
20.320,20.350,19.850,20.140,3145800.000,20.400,20.310,20.320,-0.080,-0.39,19/06/2015 
20.400,20.400,19.490,19.650,5545400.000,19.470,20.300,20.400,0.930,4.78,18/06/2015 
19.470,19.830,19.300,19.750,5319800.000,19.750,19.470,19.480,-0.280,-1.42,17/06/2015 
19.750,20.180,19.690,20.150,6297400.000,20.340,19.750,19.760,-0.590,-2.90,16/06/2015 
20.340,0.000,0.000,20.880,4372800.000,21.160,0.000,0.000,-0.820,-3.88,15/06/2015 
21.160,21.310,20.940,21.120,3608400.000,21.330,21.160,21.280,-0.170,-0.80,12/06/2015 
21.330,21.720,21.070,21.440,6184700.000,21.210,21.330,21.360,0.120,0.57,11/06/2015 
21.210,21.350,20.390,20.550,5188100.000,19.980,21.150,21.210,1.230,6.16,10/06/2015 
19.980,20.620,19.900,19.950,6289800.000,20.100,19.910,19.980,-0.120,-0.60,09/06/2015 
20.100,20.650,20.090,20.530,4656400.000,20.600,20.090,20.210,-0.500,-2.43,08/06/2015 
20.600,20.990,20.320,20.500,6059100.000,20.890,20.520,20.600,-0.290,-1.39,05/06/2015 
20.890,21.540,20.750,21.360,4771500.000,21.350,20.890,20.900,-0.460,-2.15,03/06/2015 
21.350,21.400,20.100,20.100,5825900.000,20.040,21.320,21.350,1.310,6.54,02/06/2015 
20.040,20.390,19.790,20.070,6737200.000,20.050,19.950,20.040,-0.010,-0.05,01/06/2015 
20.050,20.690,20.050,20.490,8593400.000,20.540,20.050,20.070,-0.490,-2.39,29/05/2015 
20.540,20.750,20.280,20.520,3827200.000,20.950,20.540,20.620,-0.410,-1.96,28/05/2015 
20.950,21.010,20.260,20.800,4463000.000,20.790,20.860,20.950,0.160,0.77,27/05/2015 
20.790,21.180,20.500,20.640,6763200.000,20.570,20.650,20.790,0.220,1.07,26/05/2015 
20.570,20.860,20.110,20.110,1512600.000,20.260,20.570,20.680,0.310,1.53,25/05/2015 
20.260,20.690,20.160,20.500,5961500.000,20.250,20.260,20.350,0.010,0.05,22/05/2015 
20.250,20.500,19.780,19.780,3313600.000,19.850,20.200,20.250,0.400,2.02,21/05/2015 
19.850,20.480,19.800,20.010,6560600.000,20.120,19.850,19.900,-0.270,-1.34,20/05/2015 
20.120,20.230,19.830,20.000,11725800.000,20.240,20.110,20.120,-0.120,-0.59,19/05/2015 
20.240,21.500,20.240,21.210,9951100.000,21.280,20.240,20.250,-1.040,-4.89,18/05/2015 
21.280,21.650,21.190,21.350,5488400.000,21.330,21.280,21.340,-0.050,-0.23,15/05/2015 
21.330,22.050,21.140,21.550,7164900.000,21.600,21.330,21.350,-0.270,-1.25,14/05/2015 
21.600,22.380,21.520,22.150,9246300.000,22.330,21.600,21.700,-0.730,-3.27,13/05/2015 
22.330,23.590,22.260,23.200,6229100.000,23.280,22.300,22.330,-0.950,-4.08,12/05/2015 
23.280,23.940,23.070,23.260,8114400.000,22.750,23.260,23.280,0.530,2.33,11/05/2015 
22.750,24.700,22.710,24.450,10198700.000,23.880,22.750,22.800,-1.130,-4.73,08/05/2015 
23.880,25.400,23.570,25.000,12409400.000,24.930,23.880,23.900,-1.050,-4.21,07/05/2015 
24.930,27.890,24.880,27.500,17325100.000,27.060,24.930,25.050,-2.130,-7.87,06/05/2015 
27.060,27.110,24.760,24.880,14135800.000,24.780,27.050,27.060,2.280,9.20,05/05/2015 
24.780,24.780,23.720,24.100,9920300.000,22.650,24.600,24.780,2.130,9.40,04/05/2015 
22.650,22.760,20.370,20.600,21799200.000,21.110,22.650,22.730,1.540,7.30,30/04/2015 
21.110,21.870,21.090,21.650,13797800.000,22.550,21.110,21.170,-1.440,-6.39,29/04/2015 
22.550,24.140,22.070,23.730,16718500.000,23.460,22.470,22.550,-0.910,-3.88,28/04/2015 
23.460,24.810,23.040,23.350,16778800.000,23.200,23.460,23.500,0.260,1.12,27/04/2015 
23.200,23.550,21.900,21.950,20663500.000,21.090,23.200,23.210,2.110,10.00,24/04/2015 
21.090,21.250,19.260,19.260,8092800.000,19.450,21.090,21.130,1.640,8.43,23/04/2015 
19.450,19.560,18.210,18.270,7952200.000,17.730,19.410,19.450,1.720,9.70,22/04/2015 
17.730,18.120,17.710,17.860,2998200.000,17.800,17.720,17.730,-0.070,-0.39,20/04/2015 
17.800,18.120,17.760,17.910,4028500.000,18.060,17.800,17.980,-0.260,-1.44,17/04/2015 
18.060,18.720,18.010,18.460,4674500.000,18.600,18.060,18.080,-0.540,-2.90,16/04/2015 
18.600,18.710,18.100,18.450,8474000.000,18.230,18.560,18.600,0.370,2.03,15/04/2015 
18.750,19.250,18.550,18.550,6815000.000,18.240,18.750,18.760,0.510,2.80,14/04/2015 
18.240,18.870,18.040,18.400,4690000.000,18.420,18.240,18.300,-0.180,-0.98,13/04/2015 
18.420,18.930,18.420,18.800,3778500.000,18.800,18.420,18.440,-0.380,-2.02,10/04/2015 
18.800,18.930,18.190,18.450,7782100.000,18.750,18.790,18.800,0.050,0.27,09/04/2015 
18.750,19.550,18.630,19.450,6444700.000,19.000,18.690,18.750,-0.250,-1.32,08/04/2015 
19.000,19.200,18.270,18.350,11637800.000,18.130,18.990,19.000,0.870,4.80,07/04/2015 
18.130,18.500,17.880,18.240,4681500.000,18.000,18.130,18.140,0.130,0.72,06/04/2015 
18.000,18.140,17.170,17.460,6403700.000,17.540,17.990,18.000,0.460,2.62,02/04/2015 
17.540,17.810,17.370,17.780,10492800.000,17.940,17.540,17.590,-0.400,-2.23,01/04/2015 
17.940,18.370,17.830,18.310,4660000.000,18.620,17.940,18.000,-0.680,-3.65,31/03/2015 
18.620,18.730,18.230,18.620,4000500.000,18.350,18.620,18.650,0.270,1.47,30/03/2015 
18.350,18.880,18.170,18.830,5998700.000,18.920,18.340,18.350,-0.570,-3.01,27/03/2015 
18.920,19.810,18.920,19.600,6776800.000,19.760,18.920,19.000,-0.840,-4.25,26/03/2015 
19.760,19.940,19.280,19.740,4521200.000,19.580,19.760,19.780,0.180,0.92,25/03/2015 
19.580,20.430,19.410,20.200,5121100.000,20.380,19.580,19.600,-0.800,-3.93,24/03/2015 
20.380,20.460,19.880,20.330,4800500.000,20.250,20.340,20.380,0.130,0.64,23/03/2015 
20.250,20.250,19.090,19.470,10088500.000,19.150,20.020,20.250,1.100,5.74,20/03/2015 
19.150,19.670,19.150,19.650,3453200.000,19.590,19.150,19.240,-0.440,-2.25,19/03/2015 
19.590,19.710,19.130,19.550,9372500.000,19.880,19.400,19.420,-0.290,-1.46,18/03/2015 
19.880,20.000,18.970,18.980,8560000.000,18.900,19.870,19.880,0.980,5.19,17/03/2015 
18.900,19.330,18.530,19.070,7563100.000,18.880,18.900,19.010,0.020,0.11,16/03/2015 
18.880,19.130,18.150,18.600,14047100.000,18.860,18.850,18.920,0.020,0.11,13/03/2015 
18.860,19.560,18.860,19.120,10300900.000,18.860,18.860,18.880,0.000,0.00,12/03/2015 
18.860,19.180,18.780,19.130,11122900.000,19.100,18.860,18.900,-0.240,-1.26,11/03/2015 
19.100,19.530,19.040,19.130,5689100.000,19.540,19.040,19.100,-0.440,-2.25,10/03/2015 
19.540,19.770,19.150,19.430,5316800.000,19.590,19.540,19.580,-0.050,-0.26,09/03/2015 
19.590,19.870,19.070,19.450,7272700.000,19.500,19.580,19.600,0.090,0.46,06/03/2015 
19.500,20.380,19.390,20.380,7099300.000,20.390,19.420,19.500,-0.890,-4.36,05/03/2015 
20.390,20.670,20.090,20.480,5950500.000,20.790,20.340,20.390,-0.400,-1.92,04/03/2015 
20.790,21.120,20.620,20.710,4368700.000,20.560,20.790,20.880,0.230,1.12,03/03/2015 
20.560,21.250,20.390,21.160,4530500.000,21.250,20.510,20.560,-0.690,-3.25,02/03/2015 
21.250,21.630,21.110,21.350,4924700.000,21.250,21.240,21.520,0.000,0.00,27/02/2015 
21.250,21.940,20.880,21.870,7328900.000,22.140,21.240,21.250,-0.890,-4.02,26/02/2015 
22.140,22.260,21.800,21.830,4706300.000,22.040,22.110,22.140,0.100,0.45,25/02/2015 
22.040,22.290,21.590,21.650,6375200.000,21.620,22.000,22.040,0.420,1.94,24/02/2015 
21.620,22.280,21.380,22.100,5537800.000,22.620,21.500,21.620,-1.000,-4.42,23/02/2015 
22.620,22.710,21.950,22.210,2482200.000,22.100,22.620,22.630,0.520,2.35,20/02/2015 
22.100,22.880,22.040,22.880,4582500.000,22.710,22.100,22.180,-0.610,-2.69,19/02/2015 
22.710,23.000,22.680,22.700,5790600.000,22.480,22.710,22.720,0.230,1.02,18/02/2015 
22.480,22.700,21.810,21.890,6851900.000,21.580,22.480,22.520,0.900,4.17,13/02/2015 
21.580,21.870,21.270,21.700,5596600.000,21.100,21.580,21.600,0.480,2.27,12/02/2015 
21.100,21.180,20.330,20.330,5674300.000,20.400,21.080,21.100,0.700,3.43,11/02/2015 
20.400,21.610,20.400,21.280,5590700.000,21.590,20.400,20.500,-1.190,-5.51,10/02/2015 
21.590,21.860,20.210,20.250,4425200.000,20.420,21.590,21.600,1.170,5.73,09/02/2015 
20.420,20.630,19.960,20.210,4364200.000,20.450,20.410,20.420,-0.030,-0.15,06/02/2015 
20.450,21.170,20.430,20.560,4486300.000,20.550,20.450,20.600,-0.100,-0.49,05/02/2015 
20.550,21.170,20.160,20.880,7333200.000,20.870,20.550,20.630,-0.320,-1.53,04/02/2015 
20.870,21.220,20.130,20.340,9620100.000,19.740,20.870,20.890,1.130,5.72,03/02/2015 
19.740,19.820,18.650,18.950,6244700.000,18.610,19.740,19.800,1.130,6.07,02/02/2015 
18.610,18.680,17.650,17.700,7131500.000,18.050,18.470,18.610,0.560,3.10,30/01/2015 
18.050,19.210,17.910,19.000,8447200.000,18.950,18.040,18.050,-0.900,-4.75,29/01/2015 
18.950,19.350,18.650,18.720,3972900.000,19.000,18.920,18.970,-0.050,-0.26,28/01/2015 
19.000,19.540,18.580,19.370,5447200.000,19.580,18.910,19.000,-0.580,-2.96,27/01/2015 
19.580,20.110,19.570,20.010,4844000.000,20.520,19.570,19.600,-0.940,-4.58,26/01/2015 
20.520,21.600,20.470,21.500,7128900.000,21.910,20.520,20.590,-1.390,-6.34,23/01/2015 
21.910,22.870,21.760,22.350,4007100.000,22.080,21.910,21.950,-0.170,-0.77,22/01/2015 
22.080,22.280,21.510,21.870,2815600.000,21.740,21.960,22.080,0.340,1.56,21/01/2015 
21.740,22.080,21.520,22.080,2047600.000,21.650,21.650,21.740,0.090,0.42,20/01/2015 
21.650,21.680,21.300,21.450,2088400.000,21.880,21.560,21.660,-0.230,-1.05,19/01/2015 
21.880,22.220,20.850,21.050,3911000.000,20.940,21.730,21.880,0.940,4.49,16/01/2015 
20.940,21.260,20.450,20.800,5707000.000,20.700,20.940,20.970,0.240,1.16,15/01/2015 
20.700,22.000,20.690,21.800,10770100.000,22.510,20.700,20.820,-1.810,-8.04,14/01/2015 
22.510,23.130,22.510,22.700,6022900.000,22.640,22.510,22.590,-0.130,-0.57,13/01/2015 
22.640,22.650,21.930,22.110,4512700.000,22.350,22.590,22.640,0.290,1.30,12/01/2015 
22.350,22.850,22.290,22.590,3571100.000,22.840,22.350,22.530,-0.490,-2.15,09/01/2015 
22.840,22.880,22.110,22.770,4623300.000,22.600,22.780,22.850,0.240,1.06,08/01/2015 
22.600,22.810,21.970,22.320,6033900.000,21.800,22.600,22.640,0.800,3.67,07/01/2015 
21.800,22.130,21.070,21.270,9774000.000,20.960,21.740,21.800,0.840,4.01,06/01/2015 
20.960,21.130,20.510,20.760,8295300.000,21.280,20.850,20.960,-0.320,-1.50,05/01/2015 
21.280,21.950,21.060,21.700,5612900.000,21.910,21.280,21.300,-0.630,-2.88,02/01/2015 
21.910,22.610,21.880,22.380,4134300.000,22.110,21.910,22.050,-0.200,-0.90,30/12/2014 
22.110,22.250,21.700,21.700,2274100.000,21.680,22.000,22.110,0.430,1.98,29/12/2014 
21.680,22.410,21.680,22.220,2417400.000,22.220,21.680,21.800,-0.540,-2.43,26/12/2014 
22.220,22.300,21.050,21.150,4238500.000,21.370,22.210,22.220,0.850,3.98,23/12/2014 
21.370,22.010,21.150,21.890,6315200.000,21.570,21.360,21.370,-0.200,-0.93,22/12/2014 
21.570,21.570,20.030,20.300,5166100.000,19.960,21.530,21.570,1.610,8.07,19/12/2014 
19.960,20.030,19.450,20.000,9448900.000,19.710,19.900,19.960,0.250,1.27,18/12/2014 
19.710,19.850,19.340,19.550,15000100.000,19.350,19.710,19.720,0.360,1.86,17/12/2014 
19.350,19.620,18.200,18.330,12351500.000,18.690,19.190,19.350,0.660,3.53,16/12/2014 
18.690,19.360,18.540,19.050,8698800.000,18.910,18.660,18.740,-0.220,-1.16,15/12/2014 
18.910,19.690,18.910,19.270,5595500.000,19.370,18.910,19.050,-0.460,-2.37,12/12/2014 
19.370,19.940,19.130,19.920,6276600.000,19.930,19.370,19.470,-0.560,-2.81,11/12/2014 
19.930,20.820,19.930,20.640,4695700.000,20.700,19.930,20.020,-0.770,-3.72,10/12/2014 
20.700,21.080,20.290,20.410,7290400.000,21.180,20.630,20.800,-0.480,-2.27,09/12/2014 
21.180,21.860,21.010,21.790,6437100.000,21.880,21.180,21.190,-0.700,-3.20,08/12/2014 
21.880,22.040,21.400,21.650,6340100.000,21.670,21.880,21.980,0.210,0.97,05/12/2014 
21.670,22.010,21.410,22.010,7856700.000,21.950,21.670,21.750,-0.280,-1.28,04/12/2014 
21.950,22.200,21.620,21.830,5156800.000,21.650,21.860,21.950,0.300,1.39,03/12/2014 
21.650,22.740,21.650,22.450,6145800.000,22.220,21.650,21.800,-0.570,-2.57,02/12/2014 
22.220,23.030,22.090,22.840,7728900.000,23.300,22.220,22.300,-1.080,-4.64,01/12/2014 
23.300,23.650,23.040,23.240,4754200.000,22.980,23.300,23.330,0.320,1.39,28/11/2014 
22.980,23.740,22.980,23.260,2129700.000,23.040,22.980,23.160,-0.060,-0.26,27/11/2014 
23.040,24.050,23.040,24.010,5151500.000,23.960,23.040,23.110,-0.920,-3.84,26/11/2014 
23.960,23.960,23.560,23.790,4874900.000,23.700,23.900,23.960,0.260,1.10,25/11/2014 
23.700,24.130,23.470,24.000,5451000.000,23.590,23.700,23.740,0.110,0.47,24/11/2014 
23.590,24.100,22.760,23.190,21586000.000,22.160,23.550,23.590,1.430,6.45,21/11/2014 
22.160,22.250,21.670,21.850,8042000.000,22.030,22.160,22.170,0.130,0.59,19/11/2014 
22.030,22.890,22.010,22.880,6002700.000,22.930,22.030,22.130,-0.900,-3.92,18/11/2014 
22.930,23.180,22.750,22.930,3821100.000,23.000,22.930,23.070,-0.070,-0.30,17/11/2014 
23.000,23.100,22.060,22.290,6490200.000,22.460,23.000,23.040,0.540,2.40,14/11/2014 
22.460,22.840,22.450,22.520,4026100.000,22.520,22.460,22.530,-0.060,-0.27,13/11/2014 
22.520,23.050,22.500,22.590,7710400.000,22.570,22.520,22.600,-0.050,-0.22,12/11/2014 
22.570,23.050,22.280,22.940,5322800.000,23.300,22.570,22.720,-0.730,-3.13,11/11/2014 
23.300,24.500,23.300,24.500,2938500.000,24.020,23.300,23.430,-0.720,-3.00,10/11/2014 
24.020,24.350,23.660,23.660,3619400.000,23.650,24.020,24.150,0.370,1.56,07/11/2014 
23.650,23.880,23.310,23.540,5024700.000,24.000,23.650,23.810,-0.350,-1.46,06/11/2014 
24.000,24.280,23.460,23.750,5417700.000,24.110,24.000,24.040,-0.110,-0.46,05/11/2014 
24.110,24.830,23.800,24.780,4722900.000,24.900,24.100,24.110,-0.790,-3.17,04/11/2014 
24.900,24.900,24.310,24.700,6395800.000,25.000,24.690,24.900,-0.100,-0.40,03/11/2014 
25.000,25.000,23.810,23.950,5294600.000,23.700,24.820,25.000,1.300,5.49,31/10/2014 
23.700,24.100,23.500,23.810,5587900.000,24.760,23.700,23.720,-1.060,-4.28,30/10/2014 
24.760,26.320,24.760,25.990,10757500.000,26.140,24.750,24.800,-1.380,-5.28,29/10/2014 
26.140,26.770,25.930,26.750,7251000.000,26.350,26.140,26.190,-0.210,-0.80,28/10/2014 
26.350,27.000,26.190,26.680,10214700.000,27.450,26.350,26.360,-1.100,-4.01,27/10/2014 
27.450,28.080,26.890,26.890,7047000.000,27.250,27.450,27.580,0.200,0.73,24/10/2014 
27.250,27.590,26.300,26.410,6845600.000,26.760,27.240,27.250,0.490,1.83,23/10/2014 
26.760,27.030,26.410,26.760,4046800.000,26.760,26.760,26.810,0.000,0.00,22/10/2014 
26.760,26.940,25.920,26.110,7346500.000,26.350,26.760,26.790,0.410,1.56,21/10/2014 
26.350,26.630,26.070,26.500,3525600.000,26.620,26.340,26.380,-0.270,-1.01,20/10/2014 
26.620,27.080,26.180,26.700,6817000.000,26.480,26.620,26.650,0.140,0.53,17/10/2014 
27.380,27.810,26.690,27.600,8161300.000,28.300,27.380,27.400,-0.920,-3.25,16/10/2014 
28.300,28.370,27.440,27.850,6206500.000,28.310,28.240,28.300,-0.010,-0.04,15/10/2014 
28.310,28.740,27.590,27.750,4728800.000,27.490,28.310,28.320,0.820,2.98,14/10/2014 
27.490,28.120,27.040,27.150,6318400.000,26.250,27.490,27.570,1.240,4.72,13/10/2014 
26.250,26.910,26.250,26.750,3759700.000,26.900,26.250,26.440,-0.650,-2.42,10/10/2014 
26.900,0.000,0.000,27.730,6315700.000,27.370,0.000,0.000,-0.470,-1.72,09/10/2014 
27.370,27.790,27.130,27.750,5308800.000,27.400,27.370,27.530,-0.030,-0.11,08/10/2014 
27.400,27.830,27.260,27.800,6606600.000,27.340,27.400,27.560,0.060,0.22,07/10/2014 
27.340,28.140,27.220,27.950,8357800.000,27.200,27.330,27.340,0.140,0.51,06/10/2014 
27.200,27.660,26.860,27.450,4397600.000,27.610,27.200,27.240,-0.410,-1.48,03/10/2014 
27.610,27.840,26.620,26.900,5268100.000,26.830,27.580,27.620,0.780,2.91,02/10/2014 
26.830,27.510,26.600,26.650,5330000.000,26.850,26.830,26.890,-0.020,-0.07,01/10/2014 
26.850,27.470,26.250,26.680,6595800.000,26.540,26.850,26.870,0.310,1.17,30/09/2014 
26.540,26.990,26.140,26.250,6024500.000,26.970,26.540,26.610,-0.430,-1.59,29/09/2014 
26.970,27.560,26.970,27.410,6909600.000,27.350,26.970,27.090,-0.380,-1.39,26/09/2014 
27.350,27.600,27.040,27.600,4236400.000,27.640,27.340,27.350,-0.290,-1.05,25/09/2014 
27.640,28.050,27.550,27.550,6303500.000,27.550,27.640,27.700,0.090,0.33,24/09/2014 
27.550,27.710,27.290,27.330,4587500.000,27.280,27.530,27.560,0.270,0.99,23/09/2014 
27.280,27.850,26.960,27.850,8637500.000,28.320,27.280,27.390,-1.040,-3.67,22/09/2014 
28.320,29.070,28.320,28.830,6870700.000,29.090,28.320,28.380,-0.770,-2.65,19/09/2014 
29.090,29.510,28.850,28.950,4923600.000,29.060,29.090,29.120,0.030,0.10,18/09/2014 
29.060,29.500,28.890,29.450,3672100.000,29.150,29.060,29.190,-0.090,-0.31,17/09/2014 
29.150,29.570,28.810,28.980,4510400.000,29.110,29.150,29.340,0.040,0.14,16/09/2014 
29.110,29.240,28.780,28.890,3318900.000,28.620,29.100,29.110,0.490,1.71,15/09/2014 
28.620,28.750,28.000,28.170,8296100.000,28.360,28.620,28.650,0.260,0.92,12/09/2014 
28.360,28.550,28.190,28.490,3393700.000,28.400,28.360,28.440,-0.040,-0.14,11/09/2014 
28.400,28.770,28.100,28.490,6091900.000,28.610,28.230,28.400,-0.210,-0.73,10/09/2014 
28.610,28.890,28.050,28.050,6912900.000,28.100,28.610,28.640,0.510,1.81,09/09/2014 
28.100,28.350,27.800,28.290,9018400.000,28.250,28.100,28.250,-0.150,-0.53,08/09/2014 
28.250,28.680,27.870,28.490,9987000.000,28.680,28.250,28.300,-0.430,-1.50,05/09/2014 
28.680,29.060,28.680,28.980,4098400.000,29.000,28.680,28.700,-0.320,-1.10,04/09/2014 
29.000,29.500,28.760,28.860,5549300.000,28.750,29.000,29.120,0.250,0.87,03/09/2014 
28.750,29.300,28.700,29.120,3345900.000,28.950,28.750,28.760,-0.200,-0.69,02/09/2014 
28.950,29.500,28.880,29.450,1645800.000,29.120,28.950,29.000,-0.170,-0.58,01/09/2014 
29.120,29.650,28.810,29.500,8292000.000,29.330,29.120,29.130,-0.210,-0.72,29/08/2014 
29.330,30.230,29.110,30.070,8362000.000,30.680,29.330,29.350,-1.350,-4.40,28/08/2014 
30.680,31.220,30.680,31.200,4380300.000,31.020,30.680,30.790,-0.340,-1.10,27/08/2014 
31.020,31.380,30.820,31.050,3859400.000,31.170,31.020,31.200,-0.150,-0.48,26/08/2014 
31.170,31.530,31.130,31.530,3180100.000,31.370,31.170,31.300,-0.200,-0.64,25/08/2014 
31.370,31.450,31.160,31.440,1941000.000,31.560,31.260,31.370,-0.190,-0.60,22/08/2014 
31.560,31.960,31.430,31.700,3587400.000,31.770,31.560,31.570,-0.210,-0.66,21/08/2014 
31.770,31.900,31.250,31.390,3120100.000,31.250,31.770,31.870,0.520,1.66,20/08/2014 
31.250,31.530,30.910,31.050,2893000.000,31.240,31.250,31.300,0.010,0.03,19/08/2014 
31.240,31.300,30.800,31.200,2469300.000,31.000,31.200,31.240,0.240,0.77,18/08/2014 
31.000,31.100,30.660,30.900,2939800.000,30.590,30.950,31.000,0.410,1.34,15/08/2014 
30.590,31.250,30.270,31.100,5994000.000,31.340,30.590,30.640,-0.750,-2.39,14/08/2014 
31.340,31.820,31.000,31.750,5449200.000,32.010,31.340,31.350,-0.670,-2.09,13/08/2014 
32.010,32.050,31.720,31.850,3624600.000,31.840,31.900,32.010,0.170,0.53,12/08/2014 
31.840,32.310,31.840,32.000,3911100.000,31.610,31.840,31.970,0.230,0.73,11/08/2014 
31.610,31.910,31.360,31.500,3061800.000,31.600,31.610,31.690,0.010,0.03,08/08/2014 
31.600,32.140,31.540,32.050,2363200.000,31.800,31.600,31.700,-0.200,-0.63,07/08/2014 
31.800,32.070,31.550,31.630,2633700.000,31.620,31.800,31.980,0.180,0.57,06/08/2014 
31.620,32.000,31.560,32.000,3022200.000,32.140,31.600,31.620,-0.520,-1.62,05/08/2014 
32.140,32.140,31.550,31.860,3203300.000,31.770,31.980,32.140,0.370,1.16,04/08/2014 
31.770,32.550,31.650,32.450,3871300.000,32.550,31.770,31.820,-0.780,-2.40,01/08/2014 
32.220,32.990,32.150,32.950,4955200.000,32.920,32.220,32.350,-0.700,-2.13,30/07/2014 
32.920,33.250,32.820,33.000,3000500.000,32.820,32.920,33.000,0.100,0.30,29/07/2014 
32.820,33.050,32.570,32.570,5104000.000,32.380,32.820,32.910,0.440,1.36,28/07/2014 
32.380,32.500,32.250,32.300,1925200.000,32.340,32.380,32.410,0.040,0.12,25/07/2014 
32.340,32.600,31.990,32.060,3285000.000,31.730,32.340,32.370,0.610,1.92,24/07/2014 
31.730,32.210,31.720,31.800,2656000.000,31.870,31.730,31.830,-0.140,-0.44,23/07/2014 
31.870,32.140,31.800,31.800,3810500.000,31.560,31.870,32.100,0.310,0.98,22/07/2014 
31.560,31.720,31.230,31.490,3176000.000,31.450,31.560,31.690,0.110,0.35,21/07/2014 
31.450,32.000,31.400,32.000,4786500.000,31.480,31.420,31.450,-0.030,-0.10,18/07/2014 
31.480,31.930,31.440,31.800,3712200.000,31.920,31.480,31.560,-0.440,-1.38,17/07/2014 
31.920,32.080,31.370,31.370,5259000.000,31.060,31.920,31.940,0.860,2.77,16/07/2014 
31.060,31.290,30.900,30.900,3295400.000,30.860,31.060,31.190,0.200,0.65,15/07/2014 
30.860,31.200,30.800,30.950,4632700.000,30.700,30.860,30.940,0.160,0.52,14/07/2014 
30.700,31.000,30.400,30.800,2503000.000,30.800,30.700,30.770,-0.100,-0.32,11/07/2014 
30.800,30.980,30.510,30.820,4147800.000,30.810,30.680,30.800,-0.010,-0.03,10/07/2014 
30.810,31.020,30.570,30.950,1739300.000,30.800,30.640,30.810,0.010,0.03,08/07/2014 
30.800,31.210,30.610,31.000,2539800.000,31.220,30.800,30.900,-0.420,-1.35,07/07/2014 
31.220,31.250,31.000,31.170,708300.000,31.040,31.220,31.240,0.180,0.58,04/07/2014 
31.040,31.380,30.560,30.560,5200300.000,30.440,31.040,31.050,0.600,1.97,03/07/2014 
30.440,30.530,29.730,29.800,6069200.000,29.650,30.370,30.440,0.790,2.66,02/07/2014 
29.650,29.970,29.500,29.500,2842300.000,29.240,29.650,29.700,0.410,1.40,01/07/2014 
29.240,29.320,28.810,29.010,2898100.000,29.060,29.200,29.240,0.180,0.62,30/06/2014 
29.060,29.540,29.000,29.290,1856800.000,29.340,29.060,29.120,-0.280,-0.95,27/06/2014 
29.340,29.750,28.990,28.990,3147000.000,28.660,29.340,29.510,0.680,2.37,26/06/2014 
28.660,29.070,28.470,28.590,1970800.000,28.710,28.660,28.850,-0.050,-0.17,25/06/2014 
28.710,29.290,28.640,29.100,3574800.000,29.110,28.710,28.800,-0.400,-1.37,24/06/2014 
29.110,29.380,28.910,29.100,2692000.000,28.770,29.110,29.190,0.340,1.18,23/06/2014 
28.770,28.990,28.500,28.800,2126600.000,28.850,28.630,28.770,-0.080,-0.28,20/06/2014 
28.850,28.960,28.430,28.500,5681600.000,28.450,28.820,28.850,0.400,1.41,18/06/2014 
28.450,28.480,28.260,28.410,2550400.000,28.420,28.450,28.470,0.030,0.11,17/06/2014 
28.420,28.750,28.210,28.750,3254100.000,28.600,28.420,28.570,-0.180,-0.63,16/06/2014 
28.600,29.040,28.480,28.750,4585300.000,29.640,28.600,28.620,-1.040,-3.51,13/06/2014 
29.640,29.930,29.310,29.900,3670700.000,29.440,29.460,29.650,0.200,0.68,11/06/2014 
29.440,29.750,29.080,29.680,5001500.000,29.630,29.400,29.440,-0.190,-0.64,10/06/2014 
29.630,29.800,29.360,29.410,5506200.000,29.370,29.630,29.700,0.260,0.89,09/06/2014 
29.370,29.600,29.140,29.400,6892600.000,28.780,29.370,29.440,0.590,2.05,06/06/2014 
28.780,29.230,28.750,28.920,2882700.000,28.920,28.770,28.780,-0.140,-0.48,05/06/2014 
28.920,29.240,28.760,28.800,2945200.000,28.850,28.820,28.920,0.070,0.24,04/06/2014 
28.850,29.200,28.680,29.140,1992800.000,29.140,28.850,28.940,-0.290,-1.00,03/06/2014 
29.140,29.370,28.650,28.770,3089700.000,28.400,29.100,29.140,0.740,2.61,02/06/2014 
28.400,28.940,28.290,28.650,6069000.000,29.340,28.400,28.450,-0.940,-3.20,30/05/2014 
29.340,29.340,28.850,29.250,1818000.000,29.090,29.180,29.340,0.250,0.86,29/05/2014 
29.090,29.250,28.860,29.060,3760400.000,29.090,29.090,29.160,0.000,0.00,28/05/2014 
29.090,29.700,29.090,29.450,3132600.000,29.600,29.090,29.150,-0.510,-1.72,27/05/2014 
29.600,29.770,29.390,29.450,927400.000,29.260,29.510,29.600,0.340,1.16,26/05/2014 
29.260,29.580,29.120,29.490,2502600.000,29.340,29.260,29.300,-0.080,-0.27,23/05/2014 
29.340,29.810,29.170,29.180,2575400.000,28.890,29.340,29.450,0.450,1.56,22/05/2014 
28.890,29.390,28.890,29.200,2896700.000,28.860,28.890,28.940,0.030,0.10,21/05/2014 
28.860,29.650,28.850,29.450,3977800.000,29.470,28.860,28.990,-0.610,-2.07,20/05/2014 
29.470,30.100,29.450,30.100,3851500.000,30.400,29.460,29.540,-0.930,-3.06,19/05/2014 
30.400,30.860,30.180,30.850,3635200.000,31.100,30.400,30.440,-0.700,-2.25,16/05/2014 
31.100,31.430,30.820,31.250,2678800.000,31.390,31.030,31.100,-0.290,-0.92,15/05/2014 
31.390,31.480,30.720,30.740,3719000.000,30.650,31.340,31.390,0.740,2.41,14/05/2014 
30.650,30.930,30.400,30.550,3065200.000,30.600,30.650,30.740,0.050,0.16,13/05/2014 
30.600,30.700,29.690,29.900,3127000.000,29.220,30.550,30.600,1.380,4.72,12/05/2014 
